Driver,Team,LapNumber,LapTimeSeconds,Compound,TyreLife,Stint,PitOutTime,PitInTime,TrackStatus,IsAccurate,Position,StintLap,PaceDelta,IsWinner,IsRedBull,CompundOrdinal
VER,Red Bull Racing,2.0,96.296,SOFT,5.0,1.0,,,1,True,1.0,1,-1.9769999999999897,True,True,0
VER,Red Bull Racing,3.0,96.753,SOFT,6.0,1.0,,,1,True,1.0,2,-1.597999999999999,True,True,0
VER,Red Bull Racing,4.0,96.647,SOFT,7.0,1.0,,,1,True,1.0,3,-1.6514999999999986,True,True,0
VER,Red Bull Racing,5.0,97.173,SOFT,8.0,1.0,,,1,True,1.0,4,-1.2564999999999884,True,True,0
VER,Red Bull Racing,6.0,97.092,SOFT,9.0,1.0,,,1,True,1.0,5,-1.1800000000000068,True,True,0
VER,Red Bull Racing,7.0,97.038,SOFT,10.0,1.0,,,1,True,1.0,6,-1.4710000000000036,True,True,0
VER,Red Bull Racing,8.0,97.024,SOFT,11.0,1.0,,,1,True,1.0,7,-1.3430000000000035,True,True,0
VER,Red Bull Racing,9.0,97.229,SOFT,12.0,1.0,,,1,True,1.0,8,-1.4159999999999968,True,True,0
VER,Red Bull Racing,12.0,97.045,SOFT,15.0,1.0,,,1,True,1.0,9,-0.8490000000000038,True,True,0
VER,Red Bull Racing,13.0,97.03,SOFT,16.0,1.0,,,1,True,1.0,10,-0.3329999999999984,True,True,0
VER,Red Bull Racing,14.0,97.028,SOFT,17.0,1.0,,,1,True,1.0,11,-0.5259999999999962,True,True,0
VER,Red Bull Racing,15.0,97.011,SOFT,18.0,1.0,,,1,True,1.0,12,-0.2644999999999982,True,True,0
VER,Red Bull Racing,16.0,97.168,SOFT,19.0,1.0,,,1,True,1.0,13,-0.17799999999999727,True,True,0
VER,Red Bull Racing,19.0,95.283,HARD,2.0,2.0,,,1,True,1.0,1,-2.191999999999993,True,True,2
VER,Red Bull Racing,20.0,95.16,HARD,3.0,2.0,,,1,True,1.0,2,-2.540999999999997,True,True,2
VER,Red Bull Racing,21.0,95.316,HARD,4.0,2.0,,,1,True,1.0,3,-2.0759999999999934,True,True,2
VER,Red Bull Racing,22.0,95.204,HARD,5.0,2.0,,,1,True,1.0,4,-2.2210000000000036,True,True,2
VER,Red Bull Racing,23.0,95.216,HARD,6.0,2.0,,,1,True,1.0,5,-2.227000000000004,True,True,2
VER,Red Bull Racing,24.0,95.289,HARD,7.0,2.0,,,1,True,1.0,6,-2.051000000000002,True,True,2
VER,Red Bull Racing,25.0,95.342,HARD,8.0,2.0,,,1,True,1.0,7,-2.173000000000002,True,True,2
VER,Red Bull Racing,26.0,95.223,HARD,9.0,2.0,,,1,True,1.0,8,-2.525500000000008,True,True,2
VER,Red Bull Racing,27.0,95.581,HARD,10.0,2.0,,,1,True,1.0,9,-1.6199999999999903,True,True,2
VER,Red Bull Racing,28.0,95.477,HARD,11.0,2.0,,,1,True,1.0,10,-1.777000000000001,True,True,2
VER,Red Bull Racing,29.0,95.793,HARD,12.0,2.0,,,1,True,1.0,11,-1.2920000000000016,True,True,2
VER,Red Bull Racing,30.0,95.771,HARD,13.0,2.0,,,1,True,1.0,12,-1.301000000000002,True,True,2
VER,Red Bull Racing,31.0,95.679,HARD,14.0,2.0,,,1,True,1.0,13,-1.286999999999992,True,True,2
VER,Red Bull Racing,32.0,95.886,HARD,15.0,2.0,,,1,True,1.0,14,-1.0490000000000066,True,True,2
VER,Red Bull Racing,33.0,95.863,HARD,16.0,2.0,,,1,True,1.0,15,-0.8780000000000001,True,True,2
VER,Red Bull Racing,34.0,96.133,HARD,17.0,2.0,,,1,True,1.0,16,-0.3850000000000051,True,True,2
VER,Red Bull Racing,35.0,96.018,HARD,18.0,2.0,,,1,True,1.0,17,-0.3359999999999985,True,True,2
VER,Red Bull Racing,36.0,96.205,HARD,19.0,2.0,,,1,True,1.0,18,-0.12250000000000227,True,True,2
VER,Red Bull Racing,39.0,92.608,SOFT,2.0,3.0,,,1,True,1.0,1,-3.2579999999999956,True,True,0
VER,Red Bull Racing,40.0,96.589,SOFT,3.0,3.0,,,1,True,1.0,2,0.5180000000000007,True,True,0
VER,Red Bull Racing,41.0,95.29,SOFT,4.0,3.0,,,1,True,1.0,3,-0.3539999999999992,True,True,0
VER,Red Bull Racing,42.0,94.667,SOFT,5.0,3.0,,,1,True,1.0,4,-0.6724999999999852,True,True,0
VER,Red Bull Racing,43.0,94.151,SOFT,6.0,3.0,,,1,True,1.0,5,-1.1440000000000055,True,True,0
VER,Red Bull Racing,44.0,94.531,SOFT,7.0,3.0,,,1,True,1.0,6,-0.8149999999999977,True,True,0
VER,Red Bull Racing,45.0,94.249,SOFT,8.0,3.0,,,1,True,1.0,7,-1.0705000000000098,True,True,0
VER,Red Bull Racing,46.0,94.193,SOFT,9.0,3.0,,,1,True,1.0,8,-1.2459999999999951,True,True,0
VER,Red Bull Racing,47.0,94.239,SOFT,10.0,3.0,,,1,True,1.0,9,-1.406000000000006,True,True,0
VER,Red Bull Racing,48.0,94.35,SOFT,11.0,3.0,,,1,True,1.0,10,-1.538000000000011,True,True,0
VER,Red Bull Racing,49.0,94.403,SOFT,12.0,3.0,,,1,True,1.0,11,-1.3910000000000053,True,True,0
VER,Red Bull Racing,50.0,94.783,SOFT,13.0,3.0,,,1,True,1.0,12,-1.0390000000000015,True,True,0
VER,Red Bull Racing,51.0,94.34,SOFT,14.0,3.0,,,1,True,1.0,13,-1.5720000000000027,True,True,0
VER,Red Bull Racing,52.0,94.906,SOFT,15.0,3.0,,,1,True,1.0,14,-1.099499999999992,True,True,0
VER,Red Bull Racing,53.0,95.6,SOFT,16.0,3.0,,,1,True,1.0,15,-0.3865000000000123,True,True,0
VER,Red Bull Racing,54.0,95.334,SOFT,17.0,3.0,,,1,True,1.0,16,-0.7259999999999991,True,True,0
VER,Red Bull Racing,55.0,95.184,SOFT,18.0,3.0,,,1,True,1.0,17,-0.9960000000000093,True,True,0
VER,Red Bull Racing,56.0,94.671,SOFT,19.0,3.0,,,1,True,1.0,18,-1.4289999999999878,True,True,0
VER,Red Bull Racing,57.0,94.923,SOFT,20.0,3.0,,,1,True,1.0,19,-1.1059999999999945,True,True,0
PER,Red Bull Racing,2.0,96.541,SOFT,5.0,1.0,,,1,True,4.0,1,-1.7319999999999993,False,True,0
PER,Red Bull Racing,3.0,97.297,SOFT,6.0,1.0,,,1,True,4.0,2,-1.054000000000002,False,True,0
PER,Red Bull Racing,4.0,97.722,SOFT,7.0,1.0,,,1,True,4.0,3,-0.57650000000001,False,True,0
PER,Red Bull Racing,5.0,98.044,SOFT,8.0,1.0,,,1,True,4.0,4,-0.3854999999999933,False,True,0
PER,Red Bull Racing,6.0,97.823,SOFT,9.0,1.0,,,1,True,4.0,5,-0.4490000000000123,False,True,0
PER,Red Bull Racing,7.0,97.821,SOFT,10.0,1.0,,,1,True,3.0,6,-0.6880000000000024,False,True,0
PER,Red Bull Racing,8.0,97.838,SOFT,11.0,1.0,,,1,True,3.0,7,-0.5290000000000106,False,True,0
PER,Red Bull Racing,9.0,97.596,SOFT,12.0,1.0,,,1,True,3.0,8,-1.0489999999999924,False,True,0
PER,Red Bull Racing,11.0,97.836,SOFT,14.0,1.0,,,1,True,2.0,9,-0.48050000000000637,False,True,0
PER,Red Bull Racing,14.0,95.606,HARD,2.0,2.0,,,1,True,6.0,1,-1.9480000000000075,False,True,2
PER,Red Bull Racing,15.0,96.815,HARD,3.0,2.0,,,1,True,3.0,2,-0.46049999999999613,False,True,2
PER,Red Bull Racing,16.0,95.783,HARD,4.0,2.0,,,1,True,2.0,3,-1.5630000000000024,False,True,2
PER,Red Bull Racing,17.0,96.454,HARD,5.0,2.0,,,1,True,2.0,4,-0.9380000000000024,False,True,2
PER,Red Bull Racing,18.0,96.311,HARD,6.0,2.0,,,1,True,2.0,5,-1.2409999999999997,False,True,2
PER,Red Bull Racing,19.0,96.038,HARD,7.0,2.0,,,1,True,2.0,6,-1.4369999999999976,False,True,2
PER,Red Bull Racing,20.0,96.278,HARD,8.0,2.0,,,1,True,2.0,7,-1.4229999999999876,False,True,2
PER,Red Bull Racing,21.0,96.165,HARD,9.0,2.0,,,1,True,2.0,8,-1.2269999999999897,False,True,2
PER,Red Bull Racing,22.0,96.037,HARD,10.0,2.0,,,1,True,2.0,9,-1.387999999999991,False,True,2
PER,Red Bull Racing,23.0,96.249,HARD,11.0,2.0,,,1,True,2.0,10,-1.1940000000000026,False,True,2
PER,Red Bull Racing,24.0,96.211,HARD,12.0,2.0,,,1,True,2.0,11,-1.1290000000000049,False,True,2
PER,Red Bull Racing,25.0,96.344,HARD,13.0,2.0,,,1,True,2.0,12,-1.1710000000000065,False,True,2
PER,Red Bull Racing,26.0,96.347,HARD,14.0,2.0,,,1,True,2.0,13,-1.4015000000000128,False,True,2
PER,Red Bull Racing,27.0,96.233,HARD,15.0,2.0,,,1,True,2.0,14,-0.9679999999999893,False,True,2
PER,Red Bull Racing,28.0,96.226,HARD,16.0,2.0,,,1,True,2.0,15,-1.0280000000000058,False,True,2
PER,Red Bull Racing,29.0,96.437,HARD,17.0,2.0,,,1,True,2.0,16,-0.6480000000000103,False,True,2
PER,Red Bull Racing,30.0,96.313,HARD,18.0,2.0,,,1,True,2.0,17,-0.7590000000000003,False,True,2
PER,Red Bull Racing,31.0,96.339,HARD,19.0,2.0,,,1,True,2.0,18,-0.6269999999999953,False,True,2
PER,Red Bull Racing,32.0,96.276,HARD,20.0,2.0,,,1,True,2.0,19,-0.659000000000006,False,True,2
PER,Red Bull Racing,33.0,96.564,HARD,21.0,2.0,,,1,True,2.0,20,-0.1770000000000067,False,True,2
PER,Red Bull Racing,34.0,96.378,HARD,22.0,2.0,,,1,True,2.0,21,-0.14000000000000057,False,True,2
PER,Red Bull Racing,35.0,96.776,HARD,23.0,2.0,,,1,True,2.0,22,0.42199999999999704,False,True,2
PER,Red Bull Racing,38.0,94.804,SOFT,2.0,3.0,,,1,True,2.0,1,-1.3250000000000028,False,True,0
PER,Red Bull Racing,39.0,94.607,SOFT,3.0,3.0,,,1,True,2.0,2,-1.2590000000000003,False,True,0
PER,Red Bull Racing,40.0,94.364,SOFT,4.0,3.0,,,1,True,2.0,3,-1.7069999999999936,False,True,0
PER,Red Bull Racing,41.0,94.4,SOFT,5.0,3.0,,,1,True,2.0,4,-1.2439999999999998,False,True,0
PER,Red Bull Racing,42.0,94.525,SOFT,6.0,3.0,,,1,True,2.0,5,-0.8144999999999811,False,True,0
PER,Red Bull Racing,43.0,94.797,SOFT,7.0,3.0,,,1,True,2.0,6,-0.49800000000000466,False,True,0
PER,Red Bull Racing,44.0,94.799,SOFT,8.0,3.0,,,1,True,2.0,7,-0.546999999999997,False,True,0
PER,Red Bull Racing,45.0,94.592,SOFT,9.0,3.0,,,1,True,2.0,8,-0.7275000000000063,False,True,0
PER,Red Bull Racing,46.0,94.844,SOFT,10.0,3.0,,,1,True,2.0,9,-0.5949999999999989,False,True,0
PER,Red Bull Racing,47.0,94.73,SOFT,11.0,3.0,,,1,True,2.0,10,-0.9150000000000063,False,True,0
PER,Red Bull Racing,48.0,94.885,SOFT,12.0,3.0,,,1,True,2.0,11,-1.0030000000000001,False,True,0
PER,Red Bull Racing,49.0,94.966,SOFT,13.0,3.0,,,1,True,2.0,12,-0.8280000000000172,False,True,0
PER,Red Bull Racing,50.0,95.082,SOFT,14.0,3.0,,,1,True,2.0,13,-0.7400000000000091,False,True,0
PER,Red Bull Racing,51.0,94.94,SOFT,15.0,3.0,,,1,True,2.0,14,-0.9720000000000084,False,True,0
PER,Red Bull Racing,52.0,95.183,SOFT,16.0,3.0,,,1,True,2.0,15,-0.8224999999999909,False,True,0
PER,Red Bull Racing,53.0,95.842,SOFT,17.0,3.0,,,1,True,2.0,16,-0.14450000000000784,False,True,0
PER,Red Bull Racing,54.0,95.459,SOFT,18.0,3.0,,,1,True,2.0,17,-0.6009999999999991,False,True,0
PER,Red Bull Racing,55.0,95.611,SOFT,19.0,3.0,,,1,True,2.0,18,-0.5690000000000026,False,True,0
PER,Red Bull Racing,56.0,95.568,SOFT,20.0,3.0,,,1,True,2.0,19,-0.5319999999999965,False,True,0
PER,Red Bull Racing,57.0,95.746,SOFT,21.0,3.0,,,1,True,2.0,20,-0.28300000000000125,False,True,0
SAI,Ferrari,2.0,97.236,SOFT,5.0,1.0,,,1,True,5.0,1,-1.036999999999992,False,False,0
SAI,Ferrari,3.0,97.08,SOFT,6.0,1.0,,,1,True,5.0,2,-1.2710000000000008,False,False,0
SAI,Ferrari,4.0,97.264,SOFT,7.0,1.0,,,1,True,5.0,3,-1.0345000000000084,False,False,0
SAI,Ferrari,5.0,98.032,SOFT,8.0,1.0,,,1,True,5.0,4,-0.39749999999999375,False,False,0
SAI,Ferrari,6.0,97.741,SOFT,9.0,1.0,,,1,True,5.0,5,-0.5310000000000059,False,False,0
SAI,Ferrari,7.0,98.26,SOFT,10.0,1.0,,,1,True,5.0,6,-0.24899999999999523,False,False,0
SAI,Ferrari,8.0,98.183,SOFT,11.0,1.0,,,1,True,5.0,7,-0.1839999999999975,False,False,0
SAI,Ferrari,9.0,98.03,SOFT,12.0,1.0,,,1,True,5.0,8,-0.6149999999999949,False,False,0
SAI,Ferrari,11.0,97.656,SOFT,14.0,1.0,,,1,True,3.0,9,-0.660499999999999,False,False,0
SAI,Ferrari,12.0,97.65,SOFT,15.0,1.0,,,1,True,2.0,10,-0.24399999999999977,False,False,0
SAI,Ferrari,13.0,97.243,SOFT,16.0,1.0,,,1,True,2.0,11,-0.12000000000000455,False,False,0
SAI,Ferrari,16.0,96.376,HARD,2.0,2.0,,,1,True,5.0,1,-0.9699999999999989,False,False,2
SAI,Ferrari,17.0,95.507,HARD,3.0,2.0,,,1,True,4.0,2,-1.884999999999991,False,False,2
SAI,Ferrari,18.0,96.088,HARD,4.0,2.0,,,1,True,3.0,3,-1.4640000000000128,False,False,2
SAI,Ferrari,19.0,96.236,HARD,5.0,2.0,,,1,True,3.0,4,-1.23899999999999,False,False,2
SAI,Ferrari,20.0,96.034,HARD,6.0,2.0,,,1,True,3.0,5,-1.6669999999999874,False,False,2
SAI,Ferrari,21.0,96.104,HARD,7.0,2.0,,,1,True,3.0,6,-1.2879999999999967,False,False,2
SAI,Ferrari,22.0,96.008,HARD,8.0,2.0,,,1,True,3.0,7,-1.4170000000000016,False,False,2
SAI,Ferrari,23.0,96.149,HARD,9.0,2.0,,,1,True,3.0,8,-1.293999999999997,False,False,2
SAI,Ferrari,24.0,96.2,HARD,10.0,2.0,,,1,True,3.0,9,-1.1400000000000006,False,False,2
SAI,Ferrari,25.0,96.22,HARD,11.0,2.0,,,1,True,3.0,10,-1.2950000000000017,False,False,2
SAI,Ferrari,26.0,96.221,HARD,12.0,2.0,,,1,True,3.0,11,-1.5275000000000034,False,False,2
SAI,Ferrari,27.0,96.272,HARD,13.0,2.0,,,1,True,3.0,12,-0.9289999999999878,False,False,2
SAI,Ferrari,28.0,96.534,HARD,14.0,2.0,,,1,True,3.0,13,-0.7199999999999989,False,False,2
SAI,Ferrari,29.0,96.6,HARD,15.0,2.0,,,1,True,3.0,14,-0.48500000000001364,False,False,2
SAI,Ferrari,30.0,96.337,HARD,16.0,2.0,,,1,True,3.0,15,-0.7349999999999994,False,False,2
SAI,Ferrari,31.0,96.537,HARD,17.0,2.0,,,1,True,3.0,16,-0.42899999999998784,False,False,2
SAI,Ferrari,32.0,96.762,HARD,18.0,2.0,,,1,True,3.0,17,-0.17300000000000182,False,False,2
SAI,Ferrari,33.0,96.556,HARD,19.0,2.0,,,1,True,3.0,18,-0.18500000000000227,False,False,2
SAI,Ferrari,34.0,96.551,HARD,20.0,2.0,,,1,True,3.0,19,0.03300000000000125,False,False,2
SAI,Ferrari,37.0,95.302,HARD,2.0,3.0,,,1,True,3.0,1,-0.5309999999999917,False,False,2
SAI,Ferrari,38.0,95.1,HARD,3.0,3.0,,,1,True,3.0,2,-1.0290000000000106,False,False,2
SAI,Ferrari,39.0,94.709,HARD,4.0,3.0,,,1,True,3.0,3,-1.1569999999999965,False,False,2
SAI,Ferrari,40.0,94.739,HARD,5.0,3.0,,,1,True,3.0,4,-1.3319999999999936,False,False,2
SAI,Ferrari,41.0,95.041,HARD,6.0,3.0,,,1,True,3.0,5,-0.6030000000000086,False,False,2
SAI,Ferrari,42.0,94.861,HARD,7.0,3.0,,,1,True,3.0,6,-0.4784999999999826,False,False,2
SAI,Ferrari,43.0,94.795,HARD,8.0,3.0,,,1,True,3.0,7,-0.5,False,False,2
SAI,Ferrari,44.0,94.507,HARD,9.0,3.0,,,1,True,3.0,8,-0.8389999999999986,False,False,2
SAI,Ferrari,45.0,94.79,HARD,10.0,3.0,,,1,True,3.0,9,-0.5294999999999987,False,False,2
SAI,Ferrari,46.0,94.853,HARD,11.0,3.0,,,1,True,3.0,10,-0.5859999999999985,False,False,2
SAI,Ferrari,47.0,94.901,HARD,12.0,3.0,,,1,True,3.0,11,-0.744000000000014,False,False,2
SAI,Ferrari,48.0,94.981,HARD,13.0,3.0,,,1,True,3.0,12,-0.9070000000000107,False,False,2
SAI,Ferrari,49.0,95.44,HARD,14.0,3.0,,,1,True,3.0,13,-0.3540000000000134,False,False,2
SAI,Ferrari,50.0,95.142,HARD,15.0,3.0,,,1,True,3.0,14,-0.6800000000000068,False,False,2
SAI,Ferrari,51.0,95.282,HARD,16.0,3.0,,,1,True,3.0,15,-0.6300000000000097,False,False,2
SAI,Ferrari,52.0,95.083,HARD,17.0,3.0,,,1,True,3.0,16,-0.9224999999999994,False,False,2
SAI,Ferrari,53.0,95.211,HARD,18.0,3.0,,,1,True,3.0,17,-0.7755000000000081,False,False,2
SAI,Ferrari,54.0,95.309,HARD,19.0,3.0,,,1,True,3.0,18,-0.7510000000000048,False,False,2
SAI,Ferrari,55.0,95.407,HARD,20.0,3.0,,,1,True,3.0,19,-0.7730000000000103,False,False,2
SAI,Ferrari,56.0,95.305,HARD,21.0,3.0,,,1,True,3.0,20,-0.7949999999999875,False,False,2
SAI,Ferrari,57.0,95.327,HARD,22.0,3.0,,,1,True,3.0,21,-0.7019999999999982,False,False,2
LEC,Ferrari,2.0,96.862,SOFT,5.0,1.0,,,1,True,2.0,1,-1.4110000000000014,False,False,0
LEC,Ferrari,3.0,98.062,SOFT,6.0,1.0,,,1,True,3.0,2,-0.2890000000000015,False,False,0
LEC,Ferrari,4.0,97.752,SOFT,7.0,1.0,,,1,True,3.0,3,-0.5465000000000089,False,False,0
LEC,Ferrari,5.0,98.131,SOFT,8.0,1.0,,,1,True,3.0,4,-0.29849999999999,False,False,0
LEC,Ferrari,6.0,97.782,SOFT,9.0,1.0,,,1,True,3.0,5,-0.4900000000000091,False,False,0
LEC,Ferrari,7.0,98.957,SOFT,10.0,1.0,,,1,True,4.0,6,0.4479999999999933,False,False,0
LEC,Ferrari,8.0,98.136,SOFT,11.0,1.0,,,1,True,4.0,7,-0.23100000000000875,False,False,0
LEC,Ferrari,9.0,97.844,SOFT,12.0,1.0,,,1,True,4.0,8,-0.8010000000000019,False,False,0
LEC,Ferrari,13.0,96.432,HARD,2.0,2.0,,,1,True,9.0,1,-0.9309999999999974,False,False,2
LEC,Ferrari,14.0,96.756,HARD,3.0,2.0,,,1,True,8.0,2,-0.7980000000000018,False,False,2
LEC,Ferrari,15.0,96.813,HARD,4.0,2.0,,,1,True,6.0,3,-0.4624999999999915,False,False,2
LEC,Ferrari,16.0,96.673,HARD,5.0,2.0,,,1,True,4.0,4,-0.6730000000000018,False,False,2
LEC,Ferrari,17.0,97.302,HARD,6.0,2.0,,,1,True,5.0,5,-0.0899999999999892,False,False,2
LEC,Ferrari,18.0,97.438,HARD,7.0,2.0,,,1,True,5.0,6,-0.11400000000000432,False,False,2
LEC,Ferrari,19.0,96.821,HARD,8.0,2.0,,,1,True,5.0,7,-0.6539999999999964,False,False,2
LEC,Ferrari,20.0,96.794,HARD,9.0,2.0,,,1,True,5.0,8,-0.9069999999999965,False,False,2
LEC,Ferrari,21.0,96.977,HARD,10.0,2.0,,,1,True,5.0,9,-0.41499999999999204,False,False,2
LEC,Ferrari,22.0,96.796,HARD,11.0,2.0,,,1,True,5.0,10,-0.6289999999999907,False,False,2
LEC,Ferrari,23.0,96.987,HARD,12.0,2.0,,,1,True,5.0,11,-0.45600000000000307,False,False,2
LEC,Ferrari,24.0,96.924,HARD,13.0,2.0,,,1,True,5.0,12,-0.4159999999999968,False,False,2
LEC,Ferrari,25.0,96.76,HARD,14.0,2.0,,,1,True,5.0,13,-0.7549999999999955,False,False,2
LEC,Ferrari,26.0,96.81,HARD,15.0,2.0,,,1,True,5.0,14,-0.9385000000000048,False,False,2
LEC,Ferrari,27.0,96.831,HARD,16.0,2.0,,,1,True,5.0,15,-0.36999999999999034,False,False,2
LEC,Ferrari,28.0,96.907,HARD,17.0,2.0,,,1,True,5.0,16,-0.3470000000000084,False,False,2
LEC,Ferrari,29.0,96.963,HARD,18.0,2.0,,,1,True,5.0,17,-0.1220000000000141,False,False,2
LEC,Ferrari,30.0,97.158,HARD,19.0,2.0,,,1,True,5.0,18,0.08599999999999852,False,False,2
LEC,Ferrari,31.0,97.031,HARD,20.0,2.0,,,1,True,4.0,19,0.06500000000001194,False,False,2
LEC,Ferrari,32.0,96.941,HARD,21.0,2.0,,,1,True,4.0,20,0.006000000000000227,False,False,2
LEC,Ferrari,33.0,96.741,HARD,22.0,2.0,,,1,True,4.0,21,0.0,False,False,2
LEC,Ferrari,36.0,94.09,HARD,2.0,3.0,,,1,True,5.0,1,-2.237499999999997,False,False,2
LEC,Ferrari,37.0,94.897,HARD,3.0,3.0,,,1,True,5.0,2,-0.9359999999999928,False,False,2
LEC,Ferrari,38.0,94.783,HARD,4.0,3.0,,,1,True,5.0,3,-1.3460000000000036,False,False,2
LEC,Ferrari,39.0,95.087,HARD,5.0,3.0,,,1,True,5.0,4,-0.7789999999999964,False,False,2
LEC,Ferrari,40.0,94.859,HARD,6.0,3.0,,,1,True,5.0,5,-1.2120000000000033,False,False,2
LEC,Ferrari,41.0,95.028,HARD,7.0,3.0,,,1,True,5.0,6,-0.6159999999999997,False,False,2
LEC,Ferrari,42.0,94.982,HARD,8.0,3.0,,,1,True,5.0,7,-0.3574999999999875,False,False,2
LEC,Ferrari,43.0,95.192,HARD,9.0,3.0,,,1,True,5.0,8,-0.10300000000000864,False,False,2
LEC,Ferrari,44.0,95.051,HARD,10.0,3.0,,,1,True,5.0,9,-0.2950000000000017,False,False,2
LEC,Ferrari,45.0,95.22,HARD,11.0,3.0,,,1,True,5.0,10,-0.09950000000000614,False,False,2
LEC,Ferrari,46.0,95.058,HARD,12.0,3.0,,,1,True,4.0,11,-0.380999999999986,False,False,2
LEC,Ferrari,47.0,95.057,HARD,13.0,3.0,,,1,True,4.0,12,-0.5880000000000081,False,False,2
LEC,Ferrari,48.0,95.308,HARD,14.0,3.0,,,1,True,4.0,13,-0.5799999999999983,False,False,2
LEC,Ferrari,49.0,95.302,HARD,15.0,3.0,,,1,True,4.0,14,-0.49200000000000443,False,False,2
LEC,Ferrari,50.0,95.383,HARD,16.0,3.0,,,1,True,4.0,15,-0.43900000000000716,False,False,2
LEC,Ferrari,51.0,95.418,HARD,17.0,3.0,,,1,True,4.0,16,-0.4939999999999998,False,False,2
LEC,Ferrari,52.0,95.394,HARD,18.0,3.0,,,1,True,4.0,17,-0.6114999999999924,False,False,2
LEC,Ferrari,53.0,95.48,HARD,19.0,3.0,,,1,True,4.0,18,-0.5065000000000026,False,False,2
LEC,Ferrari,54.0,95.265,HARD,20.0,3.0,,,1,True,4.0,19,-0.7950000000000017,False,False,2
LEC,Ferrari,55.0,95.785,HARD,21.0,3.0,,,1,True,4.0,20,-0.39500000000001023,False,False,2
LEC,Ferrari,56.0,95.924,HARD,22.0,3.0,,,1,True,4.0,21,-0.17599999999998772,False,False,2
LEC,Ferrari,57.0,96.324,HARD,23.0,3.0,,,1,True,4.0,22,0.2950000000000017,False,False,2
RUS,Mercedes,2.0,96.635,SOFT,5.0,1.0,,,1,True,3.0,1,-1.637999999999991,False,False,0
RUS,Mercedes,3.0,96.406,SOFT,6.0,1.0,,,1,True,2.0,2,-1.9449999999999932,False,False,0
RUS,Mercedes,4.0,97.738,SOFT,7.0,1.0,,,1,True,2.0,3,-0.5605000000000047,False,False,0
RUS,Mercedes,5.0,98.116,SOFT,8.0,1.0,,,1,True,2.0,4,-0.31349999999999056,False,False,0
RUS,Mercedes,6.0,97.784,SOFT,9.0,1.0,,,1,True,2.0,5,-0.48799999999999955,False,False,0
RUS,Mercedes,7.0,98.082,SOFT,10.0,1.0,,,1,True,2.0,6,-0.4270000000000067,False,False,0
RUS,Mercedes,8.0,97.862,SOFT,11.0,1.0,,,1,True,2.0,7,-0.5050000000000097,False,False,0
RUS,Mercedes,9.0,97.73,SOFT,12.0,1.0,,,1,True,2.0,8,-0.914999999999992,False,False,0
RUS,Mercedes,13.0,97.167,HARD,2.0,2.0,,,1,True,7.0,1,-0.19599999999999795,False,False,2
RUS,Mercedes,14.0,97.571,HARD,3.0,2.0,,,1,True,7.0,2,0.016999999999995907,False,False,2
RUS,Mercedes,15.0,96.922,HARD,4.0,2.0,,,1,True,4.0,3,-0.3534999999999968,False,False,2
RUS,Mercedes,16.0,96.683,HARD,5.0,2.0,,,1,True,3.0,4,-0.6629999999999967,False,False,2
RUS,Mercedes,17.0,96.234,HARD,6.0,2.0,,,1,True,3.0,5,-1.1580000000000013,False,False,2
RUS,Mercedes,18.0,97.819,HARD,7.0,2.0,,,1,True,4.0,6,0.2669999999999959,False,False,2
RUS,Mercedes,19.0,97.233,HARD,8.0,2.0,,,1,True,4.0,7,-0.24199999999999022,False,False,2
RUS,Mercedes,20.0,96.732,HARD,9.0,2.0,,,1,True,4.0,8,-0.9689999999999941,False,False,2
RUS,Mercedes,21.0,96.769,HARD,10.0,2.0,,,1,True,4.0,9,-0.6229999999999905,False,False,2
RUS,Mercedes,22.0,96.992,HARD,11.0,2.0,,,1,True,4.0,10,-0.4329999999999927,False,False,2
RUS,Mercedes,23.0,96.954,HARD,12.0,2.0,,,1,True,4.0,11,-0.4890000000000043,False,False,2
RUS,Mercedes,24.0,96.736,HARD,13.0,2.0,,,1,True,4.0,12,-0.6039999999999992,False,False,2
RUS,Mercedes,25.0,96.928,HARD,14.0,2.0,,,1,True,4.0,13,-0.5870000000000033,False,False,2
RUS,Mercedes,26.0,96.801,HARD,15.0,2.0,,,1,True,4.0,14,-0.9475000000000051,False,False,2
RUS,Mercedes,27.0,96.815,HARD,16.0,2.0,,,1,True,4.0,15,-0.3859999999999957,False,False,2
RUS,Mercedes,28.0,96.911,HARD,17.0,2.0,,,1,True,4.0,16,-0.3430000000000035,False,False,2
RUS,Mercedes,29.0,97.066,HARD,18.0,2.0,,,1,True,4.0,17,-0.019000000000005457,False,False,2
RUS,Mercedes,30.0,97.186,HARD,19.0,2.0,,,1,True,4.0,18,0.11400000000000432,False,False,2
RUS,Mercedes,33.0,95.838,HARD,2.0,3.0,,,1,True,9.0,1,-0.9030000000000058,False,False,2
RUS,Mercedes,34.0,95.241,HARD,3.0,3.0,,,1,True,6.0,2,-1.277000000000001,False,False,2
RUS,Mercedes,35.0,95.772,HARD,4.0,3.0,,,1,True,4.0,3,-0.5819999999999936,False,False,2
RUS,Mercedes,36.0,95.434,HARD,5.0,3.0,,,1,True,4.0,4,-0.8935000000000031,False,False,2
RUS,Mercedes,37.0,95.481,HARD,6.0,3.0,,,1,True,4.0,5,-0.35200000000000387,False,False,2
RUS,Mercedes,38.0,95.479,HARD,7.0,3.0,,,1,True,4.0,6,-0.6500000000000057,False,False,2
RUS,Mercedes,39.0,95.204,HARD,8.0,3.0,,,1,True,4.0,7,-0.6620000000000061,False,False,2
RUS,Mercedes,40.0,95.065,HARD,9.0,3.0,,,1,True,4.0,8,-1.0060000000000002,False,False,2
RUS,Mercedes,41.0,95.093,HARD,10.0,3.0,,,1,True,4.0,9,-0.5510000000000019,False,False,2
RUS,Mercedes,42.0,95.136,HARD,11.0,3.0,,,1,True,4.0,10,-0.20349999999999113,False,False,2
RUS,Mercedes,43.0,95.193,HARD,12.0,3.0,,,1,True,4.0,11,-0.10200000000000387,False,False,2
RUS,Mercedes,44.0,95.162,HARD,13.0,3.0,,,1,True,4.0,12,-0.1839999999999975,False,False,2
RUS,Mercedes,45.0,95.276,HARD,14.0,3.0,,,1,True,4.0,13,-0.043500000000008754,False,False,2
RUS,Mercedes,46.0,96.657,HARD,15.0,3.0,,,1,True,5.0,14,1.2180000000000035,False,False,2
RUS,Mercedes,47.0,95.805,HARD,16.0,3.0,,,1,True,5.0,15,0.1599999999999966,False,False,2
RUS,Mercedes,48.0,96.059,HARD,17.0,3.0,,,1,True,5.0,16,0.17099999999999227,False,False,2
RUS,Mercedes,49.0,95.954,HARD,18.0,3.0,,,1,True,5.0,17,0.15999999999998238,False,False,2
RUS,Mercedes,50.0,96.181,HARD,19.0,3.0,,,1,True,5.0,18,0.35899999999999466,False,False,2
RUS,Mercedes,51.0,95.852,HARD,20.0,3.0,,,1,True,5.0,19,-0.060000000000002274,False,False,2
RUS,Mercedes,52.0,96.186,HARD,21.0,3.0,,,1,True,5.0,20,0.1805000000000092,False,False,2
RUS,Mercedes,53.0,95.979,HARD,22.0,3.0,,,1,True,5.0,21,-0.00750000000000739,False,False,2
RUS,Mercedes,54.0,96.013,HARD,23.0,3.0,,,1,True,5.0,22,-0.046999999999997044,False,False,2
RUS,Mercedes,55.0,96.151,HARD,24.0,3.0,,,1,True,5.0,23,-0.029000000000010573,False,False,2
RUS,Mercedes,56.0,96.35,HARD,25.0,3.0,,,1,True,5.0,24,0.25,False,False,2
RUS,Mercedes,57.0,96.44,HARD,26.0,3.0,,,1,True,5.0,25,0.41100000000000136,False,False,2
NOR,McLaren,2.0,98.01,SOFT,5.0,1.0,,,1,True,7.0,1,-0.262999999999991,False,False,0
NOR,McLaren,3.0,97.787,SOFT,6.0,1.0,,,1,True,6.0,2,-0.563999999999993,False,False,0
NOR,McLaren,4.0,97.45,SOFT,7.0,1.0,,,1,True,6.0,3,-0.8485000000000014,False,False,0
NOR,McLaren,5.0,97.794,SOFT,8.0,1.0,,,1,True,6.0,4,-0.6354999999999933,False,False,0
NOR,McLaren,6.0,97.896,SOFT,9.0,1.0,,,1,True,6.0,5,-0.3760000000000048,False,False,0
NOR,McLaren,7.0,97.86,SOFT,10.0,1.0,,,1,True,6.0,6,-0.6490000000000009,False,False,0
NOR,McLaren,8.0,98.134,SOFT,11.0,1.0,,,1,True,6.0,7,-0.2330000000000041,False,False,0
NOR,McLaren,9.0,98.064,SOFT,12.0,1.0,,,1,True,6.0,8,-0.5810000000000031,False,False,0
NOR,McLaren,11.0,98.172,SOFT,14.0,1.0,,,1,True,5.0,9,-0.14450000000000784,False,False,0
NOR,McLaren,12.0,98.082,SOFT,15.0,1.0,,,1,True,4.0,10,0.18799999999998818,False,False,0
NOR,McLaren,15.0,96.912,HARD,2.0,2.0,,,1,True,8.0,1,-0.3634999999999877,False,False,2
NOR,McLaren,16.0,96.565,HARD,3.0,2.0,,,1,True,6.0,2,-0.7810000000000059,False,False,2
NOR,McLaren,17.0,96.776,HARD,4.0,2.0,,,1,True,6.0,3,-0.6159999999999997,False,False,2
NOR,McLaren,18.0,96.508,HARD,5.0,2.0,,,1,True,6.0,4,-1.0440000000000111,False,False,2
NOR,McLaren,19.0,96.416,HARD,6.0,2.0,,,1,True,6.0,5,-1.0589999999999975,False,False,2
NOR,McLaren,20.0,96.501,HARD,7.0,2.0,,,1,True,6.0,6,-1.1999999999999886,False,False,2
NOR,McLaren,21.0,96.62,HARD,8.0,2.0,,,1,True,6.0,7,-0.7719999999999914,False,False,2
NOR,McLaren,22.0,96.668,HARD,9.0,2.0,,,1,True,6.0,8,-0.7569999999999908,False,False,2
NOR,McLaren,23.0,96.696,HARD,10.0,2.0,,,1,True,6.0,9,-0.7469999999999999,False,False,2
NOR,McLaren,24.0,96.823,HARD,11.0,2.0,,,1,True,6.0,10,-0.5170000000000101,False,False,2
NOR,McLaren,25.0,96.73,HARD,12.0,2.0,,,1,True,6.0,11,-0.7849999999999966,False,False,2
NOR,McLaren,26.0,96.566,HARD,13.0,2.0,,,1,True,6.0,12,-1.1825000000000045,False,False,2
NOR,McLaren,27.0,96.726,HARD,14.0,2.0,,,1,True,6.0,13,-0.4749999999999943,False,False,2
NOR,McLaren,28.0,97.018,HARD,15.0,2.0,,,1,True,6.0,14,-0.2360000000000042,False,False,2
NOR,McLaren,29.0,97.041,HARD,16.0,2.0,,,1,True,6.0,15,-0.04400000000001114,False,False,2
NOR,McLaren,30.0,96.986,HARD,17.0,2.0,,,1,True,6.0,16,-0.08599999999999852,False,False,2
NOR,McLaren,31.0,97.083,HARD,18.0,2.0,,,1,True,6.0,17,0.11700000000000443,False,False,2
NOR,McLaren,32.0,97.171,HARD,19.0,2.0,,,1,True,5.0,18,0.2360000000000042,False,False,2
NOR,McLaren,35.0,94.476,HARD,2.0,3.0,,,1,True,7.0,1,-1.8780000000000001,False,False,2
NOR,McLaren,36.0,95.69,HARD,3.0,3.0,,,1,True,6.0,2,-0.6375000000000028,False,False,2
NOR,McLaren,37.0,95.067,HARD,4.0,3.0,,,1,True,6.0,3,-0.7660000000000053,False,False,2
NOR,McLaren,38.0,95.149,HARD,5.0,3.0,,,1,True,6.0,4,-0.980000000000004,False,False,2
NOR,McLaren,39.0,94.88,HARD,6.0,3.0,,,1,True,6.0,5,-0.9860000000000042,False,False,2
NOR,McLaren,40.0,95.276,HARD,7.0,3.0,,,1,True,6.0,6,-0.7950000000000017,False,False,2
NOR,McLaren,41.0,95.069,HARD,8.0,3.0,,,1,True,6.0,7,-0.5750000000000028,False,False,2
NOR,McLaren,42.0,95.165,HARD,9.0,3.0,,,1,True,6.0,8,-0.17449999999998056,False,False,2
NOR,McLaren,43.0,95.295,HARD,10.0,3.0,,,1,True,6.0,9,0.0,False,False,2
NOR,McLaren,44.0,95.346,HARD,11.0,3.0,,,1,True,6.0,10,0.0,False,False,2
NOR,McLaren,45.0,95.338,HARD,12.0,3.0,,,1,True,6.0,11,0.01849999999998886,False,False,2
NOR,McLaren,46.0,95.371,HARD,13.0,3.0,,,1,True,6.0,12,-0.06799999999999784,False,False,2
NOR,McLaren,47.0,95.485,HARD,14.0,3.0,,,1,True,6.0,13,-0.1600000000000108,False,False,2
NOR,McLaren,48.0,95.717,HARD,15.0,3.0,,,1,True,6.0,14,-0.17100000000000648,False,False,2
NOR,McLaren,49.0,95.674,HARD,16.0,3.0,,,1,True,6.0,15,-0.12000000000000455,False,False,2
NOR,McLaren,50.0,95.657,HARD,17.0,3.0,,,1,True,6.0,16,-0.16500000000000625,False,False,2
NOR,McLaren,51.0,96.038,HARD,18.0,3.0,,,1,True,6.0,17,0.12599999999999056,False,False,2
NOR,McLaren,52.0,95.922,HARD,19.0,3.0,,,1,True,6.0,18,-0.0835000000000008,False,False,2
NOR,McLaren,53.0,95.782,HARD,20.0,3.0,,,1,True,6.0,19,-0.20450000000001012,False,False,2
NOR,McLaren,54.0,95.934,HARD,21.0,3.0,,,1,True,6.0,20,-0.12600000000000477,False,False,2
NOR,McLaren,55.0,96.223,HARD,22.0,3.0,,,1,True,6.0,21,0.042999999999992156,False,False,2
NOR,McLaren,56.0,95.976,HARD,23.0,3.0,,,1,True,6.0,22,-0.12399999999999523,False,False,2
NOR,McLaren,57.0,96.582,HARD,24.0,3.0,,,1,True,6.0,23,0.5529999999999973,False,False,2
HAM,Mercedes,2.0,98.273,SOFT,5.0,1.0,,,1,True,9.0,1,0.0,False,False,0
HAM,Mercedes,3.0,98.303,SOFT,6.0,1.0,,,1,True,9.0,2,-0.04800000000000182,False,False,0
HAM,Mercedes,4.0,98.287,SOFT,7.0,1.0,,,1,True,9.0,3,-0.011499999999998067,False,False,0
HAM,Mercedes,5.0,98.35,SOFT,8.0,1.0,,,1,True,9.0,4,-0.07949999999999591,False,False,0
HAM,Mercedes,6.0,98.183,SOFT,9.0,1.0,,,1,True,9.0,5,-0.08899999999999864,False,False,0
HAM,Mercedes,7.0,97.839,SOFT,10.0,1.0,,,1,True,9.0,6,-0.6700000000000017,False,False,0
HAM,Mercedes,8.0,98.221,SOFT,11.0,1.0,,,1,True,9.0,7,-0.1460000000000008,False,False,0
HAM,Mercedes,9.0,98.645,SOFT,12.0,1.0,,,1,True,9.0,8,0.0,False,False,0
HAM,Mercedes,11.0,98.236,SOFT,14.0,1.0,,,1,True,8.0,9,-0.08050000000000068,False,False,0
HAM,Mercedes,14.0,97.178,HARD,2.0,2.0,,,1,True,11.0,1,-0.3760000000000048,False,False,2
HAM,Mercedes,15.0,97.264,HARD,3.0,2.0,,,1,True,10.0,2,-0.011499999999998067,False,False,2
HAM,Mercedes,16.0,97.091,HARD,4.0,2.0,,,1,True,8.0,3,-0.25500000000000966,False,False,2
HAM,Mercedes,17.0,97.111,HARD,5.0,2.0,,,1,True,8.0,4,-0.2809999999999917,False,False,2
HAM,Mercedes,18.0,96.85,HARD,6.0,2.0,,,1,True,8.0,5,-0.7020000000000124,False,False,2
HAM,Mercedes,19.0,96.694,HARD,7.0,2.0,,,1,True,8.0,6,-0.7809999999999917,False,False,2
HAM,Mercedes,20.0,96.264,HARD,8.0,2.0,,,1,True,8.0,7,-1.4369999999999976,False,False,2
HAM,Mercedes,21.0,96.51,HARD,9.0,2.0,,,1,True,8.0,8,-0.8819999999999908,False,False,2
HAM,Mercedes,22.0,96.633,HARD,10.0,2.0,,,1,True,8.0,9,-0.7920000000000016,False,False,2
HAM,Mercedes,23.0,96.717,HARD,11.0,2.0,,,1,True,8.0,10,-0.7259999999999991,False,False,2
HAM,Mercedes,24.0,96.666,HARD,12.0,2.0,,,1,True,8.0,11,-0.6740000000000066,False,False,2
HAM,Mercedes,25.0,96.919,HARD,13.0,2.0,,,1,True,8.0,12,-0.5960000000000036,False,False,2
HAM,Mercedes,26.0,96.714,HARD,14.0,2.0,,,1,True,8.0,13,-1.0345000000000084,False,False,2
HAM,Mercedes,27.0,97.201,HARD,15.0,2.0,,,1,True,8.0,14,0.0,False,False,2
HAM,Mercedes,28.0,96.692,HARD,16.0,2.0,,,1,True,8.0,15,-0.5620000000000118,False,False,2
HAM,Mercedes,29.0,96.786,HARD,17.0,2.0,,,1,True,8.0,16,-0.2990000000000066,False,False,2
HAM,Mercedes,30.0,97.244,HARD,18.0,2.0,,,1,True,8.0,17,0.17199999999999704,False,False,2
HAM,Mercedes,31.0,96.975,HARD,19.0,2.0,,,1,True,8.0,18,0.009000000000000341,False,False,2
HAM,Mercedes,32.0,97.325,HARD,20.0,2.0,,,1,True,7.0,19,0.39000000000000057,False,False,2
HAM,Mercedes,35.0,95.489,HARD,2.0,3.0,,,1,True,8.0,1,-0.8649999999999949,False,False,2
HAM,Mercedes,36.0,95.279,HARD,3.0,3.0,,,1,True,8.0,2,-1.0485000000000042,False,False,2
HAM,Mercedes,37.0,95.597,HARD,4.0,3.0,,,1,True,8.0,3,-0.2360000000000042,False,False,2
HAM,Mercedes,38.0,94.966,HARD,5.0,3.0,,,1,True,8.0,4,-1.163000000000011,False,False,2
HAM,Mercedes,39.0,94.722,HARD,6.0,3.0,,,1,True,7.0,5,-1.1440000000000055,False,False,2
HAM,Mercedes,40.0,95.041,HARD,7.0,3.0,,,1,True,7.0,6,-1.0300000000000011,False,False,2
HAM,Mercedes,41.0,94.94,HARD,8.0,3.0,,,1,True,7.0,7,-0.7040000000000077,False,False,2
HAM,Mercedes,42.0,94.996,HARD,9.0,3.0,,,1,True,7.0,8,-0.3434999999999917,False,False,2
HAM,Mercedes,43.0,94.935,HARD,10.0,3.0,,,1,True,7.0,9,-0.35999999999999943,False,False,2
HAM,Mercedes,44.0,95.169,HARD,11.0,3.0,,,1,True,7.0,10,-0.1770000000000067,False,False,2
HAM,Mercedes,45.0,95.184,HARD,12.0,3.0,,,1,True,7.0,11,-0.1355000000000075,False,False,2
HAM,Mercedes,46.0,95.285,HARD,13.0,3.0,,,1,True,7.0,12,-0.15399999999999636,False,False,2
HAM,Mercedes,47.0,95.226,HARD,14.0,3.0,,,1,True,7.0,13,-0.41900000000001114,False,False,2
HAM,Mercedes,48.0,96.165,HARD,15.0,3.0,,,1,True,7.0,14,0.277000000000001,False,False,2
HAM,Mercedes,49.0,95.914,HARD,16.0,3.0,,,1,True,7.0,15,0.11999999999999034,False,False,2
HAM,Mercedes,50.0,95.612,HARD,17.0,3.0,,,1,True,7.0,16,-0.21000000000000796,False,False,2
HAM,Mercedes,51.0,95.532,HARD,18.0,3.0,,,1,True,7.0,17,-0.38000000000000966,False,False,2
HAM,Mercedes,52.0,95.479,HARD,19.0,3.0,,,1,True,7.0,18,-0.5264999999999986,False,False,2
HAM,Mercedes,53.0,95.55,HARD,20.0,3.0,,,1,True,7.0,19,-0.43650000000000944,False,False,2
HAM,Mercedes,54.0,95.974,HARD,21.0,3.0,,,1,True,7.0,20,-0.08599999999999852,False,False,2
HAM,Mercedes,55.0,95.633,HARD,22.0,3.0,,,1,True,7.0,21,-0.5470000000000113,False,False,2
HAM,Mercedes,56.0,95.706,HARD,23.0,3.0,,,1,True,7.0,22,-0.39399999999999125,False,False,2
HAM,Mercedes,57.0,96.138,HARD,24.0,3.0,,,1,True,7.0,23,0.10900000000000887,False,False,2
PIA,McLaren,2.0,98.382,SOFT,5.0,1.0,,,1,True,8.0,1,0.10900000000000887,False,False,0
PIA,McLaren,3.0,98.258,SOFT,6.0,1.0,,,1,True,8.0,2,-0.09300000000000352,False,False,0
PIA,McLaren,4.0,97.897,SOFT,7.0,1.0,,,1,True,8.0,3,-0.40149999999999864,False,False,0
PIA,McLaren,5.0,97.859,SOFT,8.0,1.0,,,1,True,7.0,4,-0.5704999999999956,False,False,0
PIA,McLaren,6.0,97.955,SOFT,9.0,1.0,,,1,True,7.0,5,-0.3170000000000073,False,False,0
PIA,McLaren,7.0,97.984,SOFT,10.0,1.0,,,1,True,7.0,6,-0.5250000000000057,False,False,0
PIA,McLaren,8.0,97.956,SOFT,11.0,1.0,,,1,True,7.0,7,-0.41100000000000136,False,False,0
PIA,McLaren,9.0,98.096,SOFT,12.0,1.0,,,1,True,7.0,8,-0.5489999999999924,False,False,0
PIA,McLaren,11.0,98.397,SOFT,14.0,1.0,,,1,True,7.0,9,0.08050000000000068,False,False,0
PIA,McLaren,14.0,96.796,HARD,2.0,2.0,,,1,True,10.0,1,-0.7579999999999956,False,False,2
PIA,McLaren,15.0,96.823,HARD,3.0,2.0,,,1,True,9.0,2,-0.45250000000000057,False,False,2
PIA,McLaren,16.0,96.427,HARD,4.0,2.0,,,1,True,7.0,3,-0.9189999999999969,False,False,2
PIA,McLaren,17.0,96.872,HARD,5.0,2.0,,,1,True,7.0,4,-0.519999999999996,False,False,2
PIA,McLaren,18.0,97.095,HARD,6.0,2.0,,,1,True,7.0,5,-0.45700000000000784,False,False,2
PIA,McLaren,19.0,96.577,HARD,7.0,2.0,,,1,True,7.0,6,-0.8979999999999961,False,False,2
PIA,McLaren,20.0,96.644,HARD,8.0,2.0,,,1,True,7.0,7,-1.056999999999988,False,False,2
PIA,McLaren,21.0,96.733,HARD,9.0,2.0,,,1,True,7.0,8,-0.6589999999999918,False,False,2
PIA,McLaren,22.0,96.555,HARD,10.0,2.0,,,1,True,7.0,9,-0.8699999999999903,False,False,2
PIA,McLaren,23.0,96.68,HARD,11.0,2.0,,,1,True,7.0,10,-0.762999999999991,False,False,2
PIA,McLaren,24.0,96.884,HARD,12.0,2.0,,,1,True,7.0,11,-0.45600000000000307,False,False,2
PIA,McLaren,25.0,97.008,HARD,13.0,2.0,,,1,True,7.0,12,-0.507000000000005,False,False,2
PIA,McLaren,26.0,96.882,HARD,14.0,2.0,,,1,True,7.0,13,-0.866500000000002,False,False,2
PIA,McLaren,27.0,96.905,HARD,15.0,2.0,,,1,True,7.0,14,-0.29599999999999227,False,False,2
PIA,McLaren,28.0,96.905,HARD,16.0,2.0,,,1,True,7.0,15,-0.34900000000000375,False,False,2
PIA,McLaren,29.0,97.179,HARD,17.0,2.0,,,1,True,7.0,16,0.09399999999999409,False,False,2
PIA,McLaren,30.0,97.177,HARD,18.0,2.0,,,1,True,7.0,17,0.10500000000000398,False,False,2
PIA,McLaren,31.0,97.57,HARD,19.0,2.0,,,1,True,7.0,18,0.6039999999999992,False,False,2
PIA,McLaren,32.0,97.163,HARD,20.0,2.0,,,1,True,6.0,19,0.22799999999999443,False,False,2
PIA,McLaren,33.0,97.088,HARD,21.0,2.0,,,1,True,6.0,20,0.3469999999999942,False,False,2
PIA,McLaren,36.0,95.153,HARD,2.0,3.0,,,1,True,9.0,1,-1.1744999999999948,False,False,2
PIA,McLaren,37.0,94.774,HARD,3.0,3.0,,,1,True,9.0,2,-1.0589999999999975,False,False,2
PIA,McLaren,38.0,95.298,HARD,4.0,3.0,,,1,True,9.0,3,-0.8310000000000031,False,False,2
PIA,McLaren,39.0,94.983,HARD,5.0,3.0,,,1,True,9.0,4,-0.8829999999999956,False,False,2
PIA,McLaren,40.0,95.005,HARD,6.0,3.0,,,1,True,8.0,5,-1.0660000000000025,False,False,2
PIA,McLaren,41.0,95.109,HARD,7.0,3.0,,,1,True,8.0,6,-0.5350000000000108,False,False,2
PIA,McLaren,42.0,95.341,HARD,8.0,3.0,,,1,True,8.0,7,0.0015000000000071623,False,False,2
PIA,McLaren,43.0,95.258,HARD,9.0,3.0,,,1,True,8.0,8,-0.03700000000000614,False,False,2
PIA,McLaren,44.0,95.238,HARD,10.0,3.0,,,1,True,8.0,9,-0.10800000000000409,False,False,2
PIA,McLaren,45.0,95.306,HARD,11.0,3.0,,,1,True,8.0,10,-0.013500000000007617,False,False,2
PIA,McLaren,46.0,95.296,HARD,12.0,3.0,,,1,True,8.0,11,-0.14299999999998647,False,False,2
PIA,McLaren,47.0,95.376,HARD,13.0,3.0,,,1,True,8.0,12,-0.26900000000000546,False,False,2
PIA,McLaren,48.0,95.702,HARD,14.0,3.0,,,1,True,8.0,13,-0.18600000000000705,False,False,2
PIA,McLaren,49.0,95.653,HARD,15.0,3.0,,,1,True,8.0,14,-0.14100000000000534,False,False,2
PIA,McLaren,50.0,95.984,HARD,16.0,3.0,,,1,True,8.0,15,0.16199999999999193,False,False,2
PIA,McLaren,51.0,95.8,HARD,17.0,3.0,,,1,True,8.0,16,-0.11200000000000898,False,False,2
PIA,McLaren,52.0,96.024,HARD,18.0,3.0,,,1,True,8.0,17,0.01850000000000307,False,False,2
PIA,McLaren,53.0,95.739,HARD,19.0,3.0,,,1,True,8.0,18,-0.24750000000000227,False,False,2
PIA,McLaren,54.0,96.107,HARD,20.0,3.0,,,1,True,8.0,19,0.046999999999997044,False,False,2
PIA,McLaren,55.0,95.973,HARD,21.0,3.0,,,1,True,8.0,20,-0.20700000000000784,False,False,2
PIA,McLaren,56.0,96.1,HARD,22.0,3.0,,,1,True,8.0,21,0.0,False,False,2
PIA,McLaren,57.0,95.92,HARD,23.0,3.0,,,1,True,8.0,22,-0.10899999999999466,False,False,2
ALO,Aston Martin,2.0,98.02,SOFT,5.0,1.0,,,1,True,6.0,1,-0.2530000000000001,False,False,0
ALO,Aston Martin,3.0,99.046,SOFT,6.0,1.0,,,1,True,7.0,2,0.6950000000000074,False,False,0
ALO,Aston Martin,4.0,97.776,SOFT,7.0,1.0,,,1,True,7.0,3,-0.522500000000008,False,False,0
ALO,Aston Martin,5.0,99.292,SOFT,8.0,1.0,,,1,True,8.0,4,0.8625000000000114,False,False,0
ALO,Aston Martin,6.0,98.053,SOFT,9.0,1.0,,,1,True,8.0,5,-0.2190000000000083,False,False,0
ALO,Aston Martin,7.0,98.008,SOFT,10.0,1.0,,,1,True,8.0,6,-0.5010000000000048,False,False,0
ALO,Aston Martin,8.0,98.103,SOFT,11.0,1.0,,,1,True,8.0,7,-0.26400000000001,False,False,0
ALO,Aston Martin,9.0,98.896,SOFT,12.0,1.0,,,1,True,8.0,8,0.2510000000000048,False,False,0
ALO,Aston Martin,11.0,98.554,SOFT,14.0,1.0,,,1,True,9.0,9,0.23749999999999716,False,False,0
ALO,Aston Martin,12.0,98.543,SOFT,15.0,1.0,,,1,True,6.0,10,0.6490000000000009,False,False,0
ALO,Aston Martin,13.0,98.587,SOFT,16.0,1.0,,,1,True,4.0,11,1.2240000000000038,False,False,0
ALO,Aston Martin,14.0,98.612,SOFT,17.0,1.0,,,1,True,3.0,12,1.0579999999999927,False,False,0
ALO,Aston Martin,17.0,96.97,HARD,2.0,2.0,,,1,True,9.0,1,-0.42199999999999704,False,False,2
ALO,Aston Martin,18.0,97.361,HARD,3.0,2.0,,,1,True,9.0,2,-0.1910000000000025,False,False,2
ALO,Aston Martin,19.0,97.072,HARD,4.0,2.0,,,1,True,9.0,3,-0.4029999999999916,False,False,2
ALO,Aston Martin,20.0,97.357,HARD,5.0,2.0,,,1,True,9.0,4,-0.3439999999999941,False,False,2
ALO,Aston Martin,21.0,97.342,HARD,6.0,2.0,,,1,True,9.0,5,-0.04999999999999716,False,False,2
ALO,Aston Martin,22.0,97.122,HARD,7.0,2.0,,,1,True,9.0,6,-0.30299999999999727,False,False,2
ALO,Aston Martin,23.0,97.265,HARD,8.0,2.0,,,1,True,9.0,7,-0.17799999999999727,False,False,2
ALO,Aston Martin,24.0,97.046,HARD,9.0,2.0,,,1,True,9.0,8,-0.29399999999999693,False,False,2
ALO,Aston Martin,25.0,97.179,HARD,10.0,2.0,,,1,True,9.0,9,-0.3359999999999985,False,False,2
ALO,Aston Martin,26.0,97.638,HARD,11.0,2.0,,,1,True,9.0,10,-0.11050000000000182,False,False,2
ALO,Aston Martin,27.0,96.945,HARD,12.0,2.0,,,1,True,9.0,11,-0.2560000000000002,False,False,2
ALO,Aston Martin,28.0,97.256,HARD,13.0,2.0,,,1,True,9.0,12,0.001999999999995339,False,False,2
ALO,Aston Martin,29.0,97.104,HARD,14.0,2.0,,,1,True,9.0,13,0.018999999999991246,False,False,2
ALO,Aston Martin,30.0,96.982,HARD,15.0,2.0,,,1,True,9.0,14,-0.09000000000000341,False,False,2
ALO,Aston Martin,31.0,96.957,HARD,16.0,2.0,,,1,True,9.0,15,-0.009000000000000341,False,False,2
ALO,Aston Martin,32.0,97.056,HARD,17.0,2.0,,,1,True,8.0,16,0.12099999999999511,False,False,2
ALO,Aston Martin,33.0,97.202,HARD,18.0,2.0,,,1,True,8.0,17,0.4609999999999985,False,False,2
ALO,Aston Martin,34.0,97.601,HARD,19.0,2.0,,,1,True,7.0,18,1.0829999999999984,False,False,2
ALO,Aston Martin,35.0,97.273,HARD,20.0,2.0,,,1,True,5.0,19,0.9189999999999969,False,False,2
ALO,Aston Martin,36.0,98.343,HARD,21.0,2.0,,,1,True,7.0,20,2.015500000000003,False,False,2
ALO,Aston Martin,37.0,96.799,HARD,22.0,2.0,,,1,True,7.0,21,0.9660000000000082,False,False,2
ALO,Aston Martin,38.0,97.297,HARD,23.0,2.0,,,1,True,7.0,22,1.1679999999999922,False,False,2
ALO,Aston Martin,39.0,97.946,HARD,24.0,2.0,,,1,True,8.0,23,2.0799999999999983,False,False,2
ALO,Aston Martin,40.0,98.061,HARD,25.0,2.0,,,1,True,9.0,24,1.990000000000009,False,False,2
ALO,Aston Martin,43.0,95.107,HARD,2.0,3.0,,,1,True,11.0,1,-0.1880000000000024,False,False,2
ALO,Aston Martin,44.0,94.981,HARD,3.0,3.0,,,1,True,10.0,2,-0.3650000000000091,False,False,2
ALO,Aston Martin,45.0,94.872,HARD,4.0,3.0,,,1,True,10.0,3,-0.4475000000000051,False,False,2
ALO,Aston Martin,46.0,95.126,HARD,5.0,3.0,,,1,True,10.0,4,-0.3129999999999882,False,False,2
ALO,Aston Martin,47.0,95.225,HARD,6.0,3.0,,,1,True,10.0,5,-0.4200000000000159,False,False,2
ALO,Aston Martin,48.0,94.199,HARD,7.0,3.0,,,1,True,9.0,6,-1.6890000000000072,False,False,2
ALO,Aston Martin,49.0,94.571,HARD,8.0,3.0,,,1,True,9.0,7,-1.2230000000000132,False,False,2
ALO,Aston Martin,50.0,94.677,HARD,9.0,3.0,,,1,True,9.0,8,-1.144999999999996,False,False,2
ALO,Aston Martin,51.0,94.916,HARD,10.0,3.0,,,1,True,9.0,9,-0.9960000000000093,False,False,2
ALO,Aston Martin,52.0,94.862,HARD,11.0,3.0,,,1,True,9.0,10,-1.143500000000003,False,False,2
ALO,Aston Martin,53.0,95.249,HARD,12.0,3.0,,,1,True,9.0,11,-0.7375000000000114,False,False,2
ALO,Aston Martin,54.0,95.745,HARD,13.0,3.0,,,1,True,9.0,12,-0.3149999999999977,False,False,2
ALO,Aston Martin,55.0,95.066,HARD,14.0,3.0,,,1,True,9.0,13,-1.1140000000000043,False,False,2
ALO,Aston Martin,56.0,95.014,HARD,15.0,3.0,,,1,True,9.0,14,-1.0859999999999985,False,False,2
ALO,Aston Martin,57.0,95.276,HARD,16.0,3.0,,,1,True,9.0,15,-0.7530000000000001,False,False,2
STR,Aston Martin,2.0,97.987,SOFT,2.0,1.0,,,1,True,19.0,1,-0.28600000000000136,False,False,0
STR,Aston Martin,3.0,98.279,SOFT,3.0,1.0,,,1,True,19.0,2,-0.07200000000000273,False,False,0
STR,Aston Martin,4.0,98.364,SOFT,4.0,1.0,,,1,True,19.0,3,0.06550000000000011,False,False,0
STR,Aston Martin,5.0,98.725,SOFT,5.0,1.0,,,1,True,18.0,4,0.2955000000000041,False,False,0
STR,Aston Martin,6.0,98.925,SOFT,6.0,1.0,,,1,True,18.0,5,0.6529999999999916,False,False,0
STR,Aston Martin,7.0,98.769,SOFT,7.0,1.0,,,1,True,18.0,6,0.2600000000000051,False,False,0
STR,Aston Martin,8.0,98.857,SOFT,8.0,1.0,,,1,True,18.0,7,0.4899999999999949,False,False,0
STR,Aston Martin,11.0,96.494,HARD,2.0,2.0,,,1,True,17.0,1,-1.8225000000000051,False,False,2
STR,Aston Martin,12.0,97.175,HARD,3.0,2.0,,,1,True,16.0,2,-0.7190000000000083,False,False,2
STR,Aston Martin,13.0,97.289,HARD,4.0,2.0,,,1,True,14.0,3,-0.07399999999999807,False,False,2
STR,Aston Martin,14.0,97.624,HARD,5.0,2.0,,,1,True,13.0,4,0.06999999999999318,False,False,2
STR,Aston Martin,15.0,97.533,HARD,6.0,2.0,,,1,True,12.0,5,0.2575000000000074,False,False,2
STR,Aston Martin,16.0,98.027,HARD,7.0,2.0,,,1,True,11.0,6,0.6809999999999974,False,False,2
STR,Aston Martin,17.0,98.777,HARD,8.0,2.0,,,1,True,12.0,7,1.3850000000000051,False,False,2
STR,Aston Martin,18.0,97.417,HARD,9.0,2.0,,,1,True,12.0,8,-0.13500000000000512,False,False,2
STR,Aston Martin,19.0,97.554,HARD,10.0,2.0,,,1,True,12.0,9,0.07900000000000773,False,False,2
STR,Aston Martin,20.0,97.859,HARD,11.0,2.0,,,1,True,12.0,10,0.15800000000000125,False,False,2
STR,Aston Martin,21.0,98.022,HARD,12.0,2.0,,,1,True,12.0,11,0.6300000000000097,False,False,2
STR,Aston Martin,22.0,98.175,HARD,13.0,2.0,,,1,True,12.0,12,0.75,False,False,2
STR,Aston Martin,23.0,97.826,HARD,14.0,2.0,,,1,True,12.0,13,0.38299999999999557,False,False,2
STR,Aston Martin,24.0,98.138,HARD,15.0,2.0,,,1,True,12.0,14,0.7980000000000018,False,False,2
STR,Aston Martin,25.0,97.994,HARD,16.0,2.0,,,1,True,12.0,15,0.4789999999999992,False,False,2
STR,Aston Martin,26.0,98.133,HARD,17.0,2.0,,,1,True,12.0,16,0.3844999999999885,False,False,2
STR,Aston Martin,29.0,95.854,HARD,2.0,3.0,,,1,True,18.0,1,-1.2310000000000088,False,False,2
STR,Aston Martin,30.0,95.632,HARD,3.0,3.0,,,1,True,18.0,2,-1.4399999999999977,False,False,2
STR,Aston Martin,31.0,96.202,HARD,4.0,3.0,,,1,True,15.0,3,-0.7639999999999958,False,False,2
STR,Aston Martin,32.0,95.821,HARD,5.0,3.0,,,1,True,15.0,4,-1.1140000000000043,False,False,2
STR,Aston Martin,33.0,96.349,HARD,6.0,3.0,,,1,True,13.0,5,-0.3919999999999959,False,False,2
STR,Aston Martin,34.0,96.332,HARD,7.0,3.0,,,1,True,13.0,6,-0.18600000000000705,False,False,2
STR,Aston Martin,35.0,96.242,HARD,8.0,3.0,,,1,True,12.0,7,-0.11199999999999477,False,False,2
STR,Aston Martin,36.0,96.086,HARD,9.0,3.0,,,1,True,11.0,8,-0.24150000000000205,False,False,2
STR,Aston Martin,37.0,95.987,HARD,10.0,3.0,,,1,True,10.0,9,0.15399999999999636,False,False,2
STR,Aston Martin,38.0,96.364,HARD,11.0,3.0,,,1,True,10.0,10,0.23499999999999943,False,False,2
STR,Aston Martin,39.0,96.353,HARD,12.0,3.0,,,1,True,10.0,11,0.48699999999999477,False,False,2
STR,Aston Martin,40.0,96.485,HARD,13.0,3.0,,,1,True,10.0,12,0.4140000000000015,False,False,2
STR,Aston Martin,41.0,96.322,HARD,14.0,3.0,,,1,True,10.0,13,0.6779999999999973,False,False,2
STR,Aston Martin,42.0,96.343,HARD,15.0,3.0,,,1,True,9.0,14,1.0035000000000167,False,False,2
STR,Aston Martin,43.0,96.304,HARD,16.0,3.0,,,1,True,9.0,15,1.0090000000000003,False,False,2
STR,Aston Martin,44.0,96.564,HARD,17.0,3.0,,,1,True,9.0,16,1.2179999999999893,False,False,2
STR,Aston Martin,45.0,96.243,HARD,18.0,3.0,,,1,True,9.0,17,0.92349999999999,False,False,2
STR,Aston Martin,46.0,96.379,HARD,19.0,3.0,,,1,True,9.0,18,0.9400000000000119,False,False,2
STR,Aston Martin,47.0,96.298,HARD,20.0,3.0,,,1,True,9.0,19,0.6529999999999916,False,False,2
STR,Aston Martin,48.0,97.325,HARD,21.0,3.0,,,1,True,10.0,20,1.4369999999999976,False,False,2
STR,Aston Martin,49.0,96.871,HARD,22.0,3.0,,,1,True,10.0,21,1.076999999999984,False,False,2
STR,Aston Martin,50.0,96.541,HARD,23.0,3.0,,,1,True,10.0,22,0.7189999999999941,False,False,2
STR,Aston Martin,51.0,96.763,HARD,24.0,3.0,,,1,True,10.0,23,0.8509999999999991,False,False,2
STR,Aston Martin,52.0,96.934,HARD,25.0,3.0,,,1,True,10.0,24,0.9284999999999997,False,False,2
STR,Aston Martin,53.0,96.64,HARD,26.0,3.0,,,1,True,10.0,25,0.653499999999994,False,False,2
STR,Aston Martin,54.0,96.693,HARD,27.0,3.0,,,1,True,10.0,26,0.6329999999999956,False,False,2
STR,Aston Martin,55.0,96.68,HARD,28.0,3.0,,,1,True,10.0,27,0.5,False,False,2
STR,Aston Martin,56.0,96.582,HARD,29.0,3.0,,,1,True,10.0,28,0.4819999999999993,False,False,2
STR,Aston Martin,57.0,97.335,HARD,30.0,3.0,,,1,True,10.0,29,1.3059999999999974,False,False,2
ZHO,Kick Sauber,2.0,98.92,SOFT,2.0,1.0,,,1,True,13.0,1,0.6470000000000056,False,False,0
ZHO,Kick Sauber,3.0,98.582,SOFT,3.0,1.0,,,1,True,13.0,2,0.23099999999999454,False,False,0
ZHO,Kick Sauber,4.0,98.428,SOFT,4.0,1.0,,,1,True,13.0,3,0.12949999999999307,False,False,0
ZHO,Kick Sauber,5.0,98.798,SOFT,5.0,1.0,,,1,True,13.0,4,0.3685000000000116,False,False,0
ZHO,Kick Sauber,6.0,98.488,SOFT,6.0,1.0,,,1,True,13.0,5,0.21599999999999397,False,False,0
ZHO,Kick Sauber,7.0,99.517,SOFT,7.0,1.0,,,1,True,13.0,6,1.0079999999999956,False,False,0
ZHO,Kick Sauber,8.0,99.646,SOFT,8.0,1.0,,,1,True,13.0,7,1.2789999999999964,False,False,0
ZHO,Kick Sauber,11.0,96.365,HARD,2.0,2.0,,,1,True,16.0,1,-1.95150000000001,False,False,2
ZHO,Kick Sauber,12.0,96.995,HARD,3.0,2.0,,,1,True,15.0,2,-0.8990000000000009,False,False,2
ZHO,Kick Sauber,13.0,97.436,HARD,4.0,2.0,,,1,True,13.0,3,0.0730000000000075,False,False,2
ZHO,Kick Sauber,14.0,97.482,HARD,5.0,2.0,,,1,True,12.0,4,-0.07200000000000273,False,False,2
ZHO,Kick Sauber,15.0,97.5,HARD,6.0,2.0,,,1,True,11.0,5,0.22450000000000614,False,False,2
ZHO,Kick Sauber,16.0,97.659,HARD,7.0,2.0,,,1,True,9.0,6,0.3130000000000024,False,False,2
ZHO,Kick Sauber,17.0,98.475,HARD,8.0,2.0,,,1,True,10.0,7,1.0829999999999984,False,False,2
ZHO,Kick Sauber,18.0,97.552,HARD,9.0,2.0,,,1,True,10.0,8,0.0,False,False,2
ZHO,Kick Sauber,19.0,97.652,HARD,10.0,2.0,,,1,True,10.0,9,0.1770000000000067,False,False,2
ZHO,Kick Sauber,20.0,97.749,HARD,11.0,2.0,,,1,True,10.0,10,0.04800000000000182,False,False,2
ZHO,Kick Sauber,21.0,97.947,HARD,12.0,2.0,,,1,True,10.0,11,0.5550000000000068,False,False,2
ZHO,Kick Sauber,22.0,97.852,HARD,13.0,2.0,,,1,True,10.0,12,0.4270000000000067,False,False,2
ZHO,Kick Sauber,23.0,97.788,HARD,14.0,2.0,,,1,True,10.0,13,0.34499999999999886,False,False,2
ZHO,Kick Sauber,24.0,97.894,HARD,15.0,2.0,,,1,True,10.0,14,0.554000000000002,False,False,2
ZHO,Kick Sauber,25.0,97.883,HARD,16.0,2.0,,,1,True,10.0,15,0.367999999999995,False,False,2
ZHO,Kick Sauber,26.0,97.995,HARD,17.0,2.0,,,1,True,10.0,16,0.2464999999999975,False,False,2
ZHO,Kick Sauber,27.0,98.053,HARD,18.0,2.0,,,1,True,10.0,17,0.8520000000000039,False,False,2
ZHO,Kick Sauber,30.0,95.458,HARD,2.0,3.0,,,1,True,17.0,1,-1.6140000000000043,False,False,2
ZHO,Kick Sauber,31.0,96.297,HARD,3.0,3.0,,,1,True,14.0,2,-0.6689999999999969,False,False,2
ZHO,Kick Sauber,32.0,96.048,HARD,4.0,3.0,,,1,True,14.0,3,-0.8870000000000005,False,False,2
ZHO,Kick Sauber,33.0,97.971,HARD,5.0,3.0,,,1,True,14.0,4,1.230000000000004,False,False,2
ZHO,Kick Sauber,34.0,96.518,HARD,6.0,3.0,,,1,True,14.0,5,0.0,False,False,2
ZHO,Kick Sauber,35.0,96.546,HARD,7.0,3.0,,,1,True,13.0,6,0.19200000000000728,False,False,2
ZHO,Kick Sauber,36.0,96.931,HARD,8.0,3.0,,,1,True,12.0,7,0.6034999999999968,False,False,2
ZHO,Kick Sauber,37.0,96.805,HARD,9.0,3.0,,,1,True,11.0,8,0.9720000000000084,False,False,2
ZHO,Kick Sauber,38.0,96.857,HARD,10.0,3.0,,,1,True,11.0,9,0.7279999999999944,False,False,2
ZHO,Kick Sauber,39.0,96.637,HARD,11.0,3.0,,,1,True,11.0,10,0.7710000000000008,False,False,2
ZHO,Kick Sauber,40.0,96.683,HARD,12.0,3.0,,,1,True,11.0,11,0.612000000000009,False,False,2
ZHO,Kick Sauber,41.0,96.695,HARD,13.0,3.0,,,1,True,11.0,12,1.0509999999999877,False,False,2
ZHO,Kick Sauber,42.0,96.652,HARD,14.0,3.0,,,1,True,10.0,13,1.3125000000000142,False,False,2
ZHO,Kick Sauber,43.0,96.771,HARD,15.0,3.0,,,1,True,10.0,14,1.475999999999999,False,False,2
ZHO,Kick Sauber,44.0,97.417,HARD,16.0,3.0,,,1,True,11.0,15,2.070999999999998,False,False,2
ZHO,Kick Sauber,45.0,96.68,HARD,17.0,3.0,,,1,True,11.0,16,1.3605000000000018,False,False,2
ZHO,Kick Sauber,46.0,96.741,HARD,18.0,3.0,,,1,True,11.0,17,1.3020000000000067,False,False,2
ZHO,Kick Sauber,47.0,96.561,HARD,19.0,3.0,,,1,True,11.0,18,0.9159999999999968,False,False,2
ZHO,Kick Sauber,48.0,96.654,HARD,20.0,3.0,,,1,True,11.0,19,0.7659999999999911,False,False,2
ZHO,Kick Sauber,49.0,96.72,HARD,21.0,3.0,,,1,True,11.0,20,0.9259999999999877,False,False,2
ZHO,Kick Sauber,50.0,96.792,HARD,22.0,3.0,,,1,True,11.0,21,0.9699999999999989,False,False,2
ZHO,Kick Sauber,51.0,97.042,HARD,23.0,3.0,,,1,True,11.0,22,1.1299999999999955,False,False,2
ZHO,Kick Sauber,52.0,97.394,HARD,24.0,3.0,,,1,True,11.0,23,1.3885000000000076,False,False,2
ZHO,Kick Sauber,53.0,97.141,HARD,25.0,3.0,,,1,True,11.0,24,1.1544999999999987,False,False,2
ZHO,Kick Sauber,54.0,98.389,HARD,26.0,3.0,,,1,True,11.0,25,2.3289999999999935,False,False,2
ZHO,Kick Sauber,55.0,97.383,HARD,27.0,3.0,,,1,True,11.0,26,1.2029999999999887,False,False,2
ZHO,Kick Sauber,56.0,97.333,HARD,28.0,3.0,,,1,True,11.0,27,1.233000000000004,False,False,2
MAG,Haas F1 Team,2.0,98.911,SOFT,2.0,1.0,,,1,True,12.0,1,0.6380000000000052,False,False,0
MAG,Haas F1 Team,3.0,98.399,SOFT,3.0,1.0,,,1,True,12.0,2,0.04800000000000182,False,False,0
MAG,Haas F1 Team,4.0,98.497,SOFT,4.0,1.0,,,1,True,12.0,3,0.19849999999999568,False,False,0
MAG,Haas F1 Team,5.0,98.576,SOFT,5.0,1.0,,,1,True,12.0,4,0.14650000000000318,False,False,0
MAG,Haas F1 Team,6.0,98.529,SOFT,6.0,1.0,,,1,True,12.0,5,0.2569999999999908,False,False,0
MAG,Haas F1 Team,7.0,100.058,SOFT,7.0,1.0,,,1,True,12.0,6,1.5490000000000066,False,False,0
MAG,Haas F1 Team,8.0,99.172,SOFT,8.0,1.0,,,1,True,12.0,7,0.8049999999999926,False,False,0
MAG,Haas F1 Team,9.0,98.861,SOFT,9.0,1.0,,,1,True,12.0,8,0.21600000000000819,False,False,0
MAG,Haas F1 Team,13.0,96.89,HARD,2.0,2.0,,,1,True,15.0,1,-0.472999999999999,False,False,2
MAG,Haas F1 Team,14.0,97.59,HARD,3.0,2.0,,,1,True,14.0,2,0.036000000000001364,False,False,2
MAG,Haas F1 Team,15.0,98.332,HARD,4.0,2.0,,,1,True,14.0,3,1.0564999999999998,False,False,2
MAG,Haas F1 Team,16.0,97.749,HARD,5.0,2.0,,,1,True,13.0,4,0.4029999999999916,False,False,2
MAG,Haas F1 Team,17.0,98.282,HARD,6.0,2.0,,,1,True,13.0,5,0.8900000000000006,False,False,2
MAG,Haas F1 Team,18.0,97.583,HARD,7.0,2.0,,,1,True,13.0,6,0.0309999999999917,False,False,2
MAG,Haas F1 Team,19.0,97.792,HARD,8.0,2.0,,,1,True,13.0,7,0.3170000000000073,False,False,2
MAG,Haas F1 Team,20.0,98.062,HARD,9.0,2.0,,,1,True,13.0,8,0.3610000000000042,False,False,2
MAG,Haas F1 Team,21.0,98.01,HARD,10.0,2.0,,,1,True,13.0,9,0.6180000000000092,False,False,2
MAG,Haas F1 Team,22.0,98.147,HARD,11.0,2.0,,,1,True,13.0,10,0.7220000000000084,False,False,2
MAG,Haas F1 Team,23.0,98.293,HARD,12.0,2.0,,,1,True,13.0,11,0.8500000000000085,False,False,2
MAG,Haas F1 Team,24.0,98.156,HARD,13.0,2.0,,,1,True,13.0,12,0.8160000000000025,False,False,2
MAG,Haas F1 Team,25.0,98.29,HARD,14.0,2.0,,,1,True,13.0,13,0.7750000000000057,False,False,2
MAG,Haas F1 Team,26.0,98.093,HARD,15.0,2.0,,,1,True,13.0,14,0.3444999999999965,False,False,2
MAG,Haas F1 Team,27.0,98.226,HARD,16.0,2.0,,,1,True,12.0,15,1.0250000000000057,False,False,2
MAG,Haas F1 Team,28.0,97.936,HARD,17.0,2.0,,,1,True,12.0,16,0.6820000000000022,False,False,2
MAG,Haas F1 Team,29.0,97.965,HARD,18.0,2.0,,,1,True,11.0,17,0.8799999999999955,False,False,2
MAG,Haas F1 Team,30.0,98.04,HARD,19.0,2.0,,,1,True,11.0,18,0.9680000000000035,False,False,2
MAG,Haas F1 Team,31.0,98.0,HARD,20.0,2.0,,,1,True,11.0,19,1.034000000000006,False,False,2
MAG,Haas F1 Team,34.0,95.57,HARD,2.0,3.0,,,1,True,16.0,1,-0.9480000000000075,False,False,2
MAG,Haas F1 Team,35.0,95.698,HARD,3.0,3.0,,,1,True,16.0,2,-0.6560000000000059,False,False,2
MAG,Haas F1 Team,36.0,95.851,HARD,4.0,3.0,,,1,True,14.0,3,-0.4765000000000015,False,False,2
MAG,Haas F1 Team,37.0,95.741,HARD,5.0,3.0,,,1,True,13.0,4,-0.09199999999999875,False,False,2
MAG,Haas F1 Team,38.0,96.042,HARD,6.0,3.0,,,1,True,12.0,5,-0.0870000000000033,False,False,2
MAG,Haas F1 Team,39.0,95.876,HARD,7.0,3.0,,,1,True,12.0,6,0.010000000000005116,False,False,2
MAG,Haas F1 Team,40.0,96.071,HARD,8.0,3.0,,,1,True,12.0,7,0.0,False,False,2
MAG,Haas F1 Team,41.0,96.34,HARD,9.0,3.0,,,1,True,12.0,8,0.695999999999998,False,False,2
MAG,Haas F1 Team,42.0,96.31,HARD,10.0,3.0,,,1,True,12.0,9,0.9705000000000155,False,False,2
MAG,Haas F1 Team,43.0,96.232,HARD,11.0,3.0,,,1,True,12.0,10,0.9369999999999976,False,False,2
MAG,Haas F1 Team,44.0,96.249,HARD,12.0,3.0,,,1,True,12.0,11,0.9029999999999916,False,False,2
MAG,Haas F1 Team,45.0,96.349,HARD,13.0,3.0,,,1,True,12.0,12,1.0294999999999987,False,False,2
MAG,Haas F1 Team,46.0,96.446,HARD,14.0,3.0,,,1,True,12.0,13,1.007000000000005,False,False,2
MAG,Haas F1 Team,47.0,96.454,HARD,15.0,3.0,,,1,True,12.0,14,0.8089999999999833,False,False,2
MAG,Haas F1 Team,48.0,96.679,HARD,16.0,3.0,,,1,True,12.0,15,0.7909999999999968,False,False,2
MAG,Haas F1 Team,49.0,96.842,HARD,17.0,3.0,,,1,True,12.0,16,1.0479999999999876,False,False,2
MAG,Haas F1 Team,50.0,97.035,HARD,18.0,3.0,,,1,True,12.0,17,1.2129999999999939,False,False,2
MAG,Haas F1 Team,51.0,96.929,HARD,19.0,3.0,,,1,True,12.0,18,1.016999999999996,False,False,2
MAG,Haas F1 Team,52.0,96.93,HARD,20.0,3.0,,,1,True,12.0,19,0.924500000000009,False,False,2
MAG,Haas F1 Team,53.0,97.958,HARD,21.0,3.0,,,1,True,12.0,20,1.9714999999999918,False,False,2
MAG,Haas F1 Team,54.0,96.89,HARD,22.0,3.0,,,1,True,12.0,21,0.8299999999999983,False,False,2
MAG,Haas F1 Team,55.0,97.457,HARD,23.0,3.0,,,1,True,12.0,22,1.2769999999999868,False,False,2
MAG,Haas F1 Team,56.0,97.584,HARD,24.0,3.0,,,1,True,12.0,23,1.4840000000000089,False,False,2
RIC,RB,2.0,99.509,SOFT,5.0,1.0,,,1,True,15.0,1,1.2360000000000042,False,False,0
RIC,RB,3.0,98.76,SOFT,6.0,1.0,,,1,True,15.0,2,0.409000000000006,False,False,0
RIC,RB,4.0,98.61,SOFT,7.0,1.0,,,1,True,15.0,3,0.3114999999999952,False,False,0
RIC,RB,5.0,98.704,SOFT,8.0,1.0,,,1,True,15.0,4,0.2745000000000033,False,False,0
RIC,RB,6.0,98.689,SOFT,9.0,1.0,,,1,True,15.0,5,0.4169999999999874,False,False,0
RIC,RB,7.0,99.193,SOFT,10.0,1.0,,,1,True,15.0,6,0.6839999999999975,False,False,0
RIC,RB,8.0,99.529,SOFT,11.0,1.0,,,1,True,15.0,7,1.161999999999992,False,False,0
RIC,RB,9.0,99.338,SOFT,12.0,1.0,,,1,True,14.0,8,0.6929999999999978,False,False,0
RIC,RB,11.0,99.033,SOFT,14.0,1.0,,,1,True,13.0,9,0.7164999999999964,False,False,0
RIC,RB,12.0,98.893,SOFT,15.0,1.0,,,1,True,10.0,10,0.9989999999999952,False,False,0
RIC,RB,15.0,97.07,HARD,2.0,2.0,,,1,True,16.0,1,-0.20550000000000068,False,False,2
RIC,RB,16.0,97.176,HARD,3.0,2.0,,,1,True,16.0,2,-0.1700000000000017,False,False,2
RIC,RB,17.0,97.29,HARD,4.0,2.0,,,1,True,16.0,3,-0.10199999999998965,False,False,2
RIC,RB,18.0,97.7,HARD,5.0,2.0,,,1,True,16.0,4,0.14799999999999613,False,False,2
RIC,RB,19.0,98.35,HARD,6.0,2.0,,,1,True,16.0,5,0.875,False,False,2
RIC,RB,20.0,97.865,HARD,7.0,2.0,,,1,True,16.0,6,0.16400000000000148,False,False,2
RIC,RB,21.0,97.392,HARD,8.0,2.0,,,1,True,15.0,7,0.0,False,False,2
RIC,RB,22.0,97.75,HARD,9.0,2.0,,,1,True,15.0,8,0.32500000000000284,False,False,2
RIC,RB,23.0,97.772,HARD,10.0,2.0,,,1,True,15.0,9,0.32900000000000773,False,False,2
RIC,RB,24.0,97.766,HARD,11.0,2.0,,,1,True,15.0,10,0.42600000000000193,False,False,2
RIC,RB,25.0,97.973,HARD,12.0,2.0,,,1,True,15.0,11,0.4579999999999984,False,False,2
RIC,RB,26.0,98.029,HARD,13.0,2.0,,,1,True,15.0,12,0.2804999999999893,False,False,2
RIC,RB,27.0,98.152,HARD,14.0,2.0,,,1,True,15.0,13,0.9510000000000076,False,False,2
RIC,RB,28.0,98.045,HARD,15.0,2.0,,,1,True,14.0,14,0.7909999999999968,False,False,2
RIC,RB,29.0,97.96,HARD,16.0,2.0,,,1,True,13.0,15,0.8749999999999858,False,False,2
RIC,RB,30.0,97.978,HARD,17.0,2.0,,,1,True,13.0,16,0.9059999999999917,False,False,2
RIC,RB,31.0,98.154,HARD,18.0,2.0,,,1,True,13.0,17,1.1880000000000024,False,False,2
RIC,RB,32.0,98.025,HARD,19.0,2.0,,,1,True,12.0,18,1.0900000000000034,False,False,2
RIC,RB,33.0,98.15,HARD,20.0,2.0,,,1,True,12.0,19,1.409000000000006,False,False,2
RIC,RB,34.0,98.246,HARD,21.0,2.0,,,1,True,12.0,20,1.7279999999999944,False,False,2
RIC,RB,37.0,95.163,SOFT,2.0,3.0,,,1,True,15.0,1,-0.6700000000000017,False,False,0
RIC,RB,38.0,95.46,SOFT,3.0,3.0,,,1,True,15.0,2,-0.6690000000000111,False,False,0
RIC,RB,39.0,95.475,SOFT,4.0,3.0,,,1,True,15.0,3,-0.39100000000000534,False,False,0
RIC,RB,40.0,95.578,SOFT,5.0,3.0,,,1,True,15.0,4,-0.492999999999995,False,False,0
RIC,RB,41.0,95.644,SOFT,6.0,3.0,,,1,True,14.0,5,0.0,False,False,0
RIC,RB,42.0,95.338,SOFT,7.0,3.0,,,1,True,14.0,6,-0.0014999999999929514,False,False,0
RIC,RB,43.0,95.56,SOFT,8.0,3.0,,,1,True,14.0,7,0.26500000000000057,False,False,0
RIC,RB,44.0,95.49,SOFT,9.0,3.0,,,1,True,14.0,8,0.14399999999999125,False,False,0
RIC,RB,45.0,95.57,SOFT,10.0,3.0,,,1,True,14.0,9,0.2504999999999882,False,False,0
RIC,RB,46.0,95.507,SOFT,11.0,3.0,,,1,True,14.0,10,0.06800000000001205,False,False,0
RIC,RB,47.0,95.831,SOFT,12.0,3.0,,,1,True,14.0,11,0.18599999999999284,False,False,0
RIC,RB,48.0,96.236,SOFT,13.0,3.0,,,1,True,14.0,12,0.347999999999999,False,False,0
RIC,RB,49.0,96.442,SOFT,14.0,3.0,,,1,True,14.0,13,0.6479999999999819,False,False,0
RIC,RB,50.0,96.609,SOFT,15.0,3.0,,,1,True,14.0,14,0.7869999999999919,False,False,0
RIC,RB,51.0,97.103,SOFT,16.0,3.0,,,1,True,14.0,15,1.1909999999999883,False,False,0
RIC,RB,52.0,97.529,SOFT,17.0,3.0,,,1,True,13.0,16,1.5234999999999985,False,False,0
RIC,RB,53.0,96.745,SOFT,18.0,3.0,,,1,True,13.0,17,0.758499999999998,False,False,0
RIC,RB,54.0,96.661,SOFT,19.0,3.0,,,1,True,13.0,18,0.6009999999999991,False,False,0
RIC,RB,55.0,97.375,SOFT,20.0,3.0,,,1,True,13.0,19,1.1949999999999932,False,False,0
RIC,RB,56.0,97.662,SOFT,21.0,3.0,,,1,True,13.0,20,1.5620000000000118,False,False,0
TSU,RB,2.0,98.689,SOFT,2.0,1.0,,,1,True,10.0,1,0.4159999999999968,False,False,0
TSU,RB,3.0,98.431,SOFT,3.0,1.0,,,1,True,10.0,2,0.0799999999999983,False,False,0
TSU,RB,4.0,98.31,SOFT,4.0,1.0,,,1,True,10.0,3,0.011499999999998067,False,False,0
TSU,RB,5.0,98.321,SOFT,5.0,1.0,,,1,True,10.0,4,-0.10849999999999227,False,False,0
TSU,RB,6.0,98.361,SOFT,6.0,1.0,,,1,True,10.0,5,0.08899999999999864,False,False,0
TSU,RB,7.0,98.364,SOFT,7.0,1.0,,,1,True,10.0,6,-0.14499999999999602,False,False,0
TSU,RB,8.0,98.513,SOFT,8.0,1.0,,,1,True,10.0,7,0.1460000000000008,False,False,0
TSU,RB,9.0,98.554,SOFT,9.0,1.0,,,1,True,10.0,8,-0.09099999999999397,False,False,0
TSU,RB,11.0,98.799,SOFT,11.0,1.0,,,1,True,10.0,9,0.4825000000000017,False,False,0
TSU,RB,12.0,98.769,SOFT,12.0,1.0,,,1,True,8.0,10,0.875,False,False,0
TSU,RB,13.0,98.86,SOFT,13.0,1.0,,,1,True,5.0,11,1.4969999999999999,False,False,0
TSU,RB,16.0,97.516,HARD,2.0,2.0,,,1,True,12.0,1,0.1700000000000017,False,False,2
TSU,RB,17.0,97.482,HARD,3.0,2.0,,,1,True,11.0,2,0.09000000000000341,False,False,2
TSU,RB,18.0,97.359,HARD,4.0,2.0,,,1,True,11.0,3,-0.19300000000001205,False,False,2
TSU,RB,19.0,97.396,HARD,5.0,2.0,,,1,True,11.0,4,-0.07899999999999352,False,False,2
TSU,RB,20.0,97.766,HARD,6.0,2.0,,,1,True,11.0,5,0.06500000000001194,False,False,2
TSU,RB,21.0,97.777,HARD,7.0,2.0,,,1,True,11.0,6,0.3850000000000051,False,False,2
TSU,RB,22.0,97.837,HARD,8.0,2.0,,,1,True,11.0,7,0.41200000000000614,False,False,2
TSU,RB,23.0,97.671,HARD,9.0,2.0,,,1,True,11.0,8,0.22800000000000864,False,False,2
TSU,RB,24.0,97.634,HARD,10.0,2.0,,,1,True,11.0,9,0.29399999999999693,False,False,2
TSU,RB,25.0,97.851,HARD,11.0,2.0,,,1,True,11.0,10,0.3359999999999985,False,False,2
TSU,RB,26.0,98.058,HARD,12.0,2.0,,,1,True,11.0,11,0.3094999999999999,False,False,2
TSU,RB,27.0,98.083,HARD,13.0,2.0,,,1,True,11.0,12,0.882000000000005,False,False,2
TSU,RB,28.0,98.164,HARD,14.0,2.0,,,1,True,10.0,13,0.9099999999999966,False,False,2
TSU,RB,29.0,97.777,HARD,15.0,2.0,,,1,True,10.0,14,0.6919999999999931,False,False,2
TSU,RB,30.0,97.477,HARD,16.0,2.0,,,1,True,10.0,15,0.40500000000000114,False,False,2
TSU,RB,31.0,97.468,HARD,17.0,2.0,,,1,True,10.0,16,0.5020000000000095,False,False,2
TSU,RB,32.0,97.847,HARD,18.0,2.0,,,1,True,10.0,17,0.9119999999999919,False,False,2
TSU,RB,33.0,97.498,HARD,19.0,2.0,,,1,True,10.0,18,0.757000000000005,False,False,2
TSU,RB,36.0,97.706,HARD,2.0,3.0,,,1,True,15.0,1,1.3785000000000025,False,False,2
TSU,RB,37.0,95.833,HARD,3.0,3.0,,,1,True,14.0,2,0.0,False,False,2
TSU,RB,38.0,97.046,HARD,4.0,3.0,,,1,True,13.0,3,0.9170000000000016,False,False,2
TSU,RB,39.0,96.125,HARD,5.0,3.0,,,1,True,13.0,4,0.25900000000000034,False,False,2
TSU,RB,40.0,96.263,HARD,6.0,3.0,,,1,True,13.0,5,0.19200000000000728,False,False,2
TSU,RB,41.0,96.179,HARD,7.0,3.0,,,1,True,13.0,6,0.5349999999999966,False,False,2
TSU,RB,42.0,95.981,HARD,8.0,3.0,,,1,True,13.0,7,0.6415000000000077,False,False,2
TSU,RB,43.0,95.956,HARD,9.0,3.0,,,1,True,13.0,8,0.6610000000000014,False,False,2
TSU,RB,44.0,96.144,HARD,10.0,3.0,,,1,True,13.0,9,0.7980000000000018,False,False,2
TSU,RB,45.0,95.964,HARD,11.0,3.0,,,1,True,13.0,10,0.6444999999999936,False,False,2
TSU,RB,46.0,96.187,HARD,12.0,3.0,,,1,True,13.0,11,0.7480000000000047,False,False,2
TSU,RB,47.0,96.396,HARD,13.0,3.0,,,1,True,13.0,12,0.7509999999999906,False,False,2
TSU,RB,48.0,96.554,HARD,14.0,3.0,,,1,True,13.0,13,0.6659999999999968,False,False,2
TSU,RB,49.0,96.695,HARD,15.0,3.0,,,1,True,13.0,14,0.900999999999982,False,False,2
TSU,RB,50.0,96.827,HARD,16.0,3.0,,,1,True,13.0,15,1.0049999999999955,False,False,2
TSU,RB,51.0,97.067,HARD,17.0,3.0,,,1,True,13.0,16,1.154999999999987,False,False,2
TSU,RB,52.0,99.042,HARD,18.0,3.0,,,1,True,14.0,17,3.0365000000000038,False,False,2
TSU,RB,53.0,96.838,HARD,19.0,3.0,,,1,True,14.0,18,0.8514999999999873,False,False,2
TSU,RB,54.0,96.672,HARD,20.0,3.0,,,1,True,14.0,19,0.6119999999999948,False,False,2
TSU,RB,55.0,97.269,HARD,21.0,3.0,,,1,True,14.0,20,1.0889999999999986,False,False,2
TSU,RB,56.0,97.473,HARD,22.0,3.0,,,1,True,14.0,21,1.3730000000000047,False,False,2
ALB,Williams,2.0,98.826,SOFT,2.0,1.0,,,1,True,11.0,1,0.5529999999999973,False,False,0
ALB,Williams,3.0,98.507,SOFT,3.0,1.0,,,1,True,11.0,2,0.1560000000000059,False,False,0
ALB,Williams,4.0,98.422,SOFT,4.0,1.0,,,1,True,11.0,3,0.12349999999999284,False,False,0
ALB,Williams,5.0,98.509,SOFT,5.0,1.0,,,1,True,11.0,4,0.07950000000001012,False,False,0
ALB,Williams,6.0,98.575,SOFT,6.0,1.0,,,1,True,11.0,5,0.30299999999999727,False,False,0
ALB,Williams,7.0,98.971,SOFT,7.0,1.0,,,1,True,11.0,6,0.4620000000000033,False,False,0
ALB,Williams,8.0,98.66,SOFT,8.0,1.0,,,1,True,11.0,7,0.29299999999999216,False,False,0
ALB,Williams,9.0,98.652,SOFT,9.0,1.0,,,1,True,11.0,8,0.007000000000005002,False,False,0
ALB,Williams,11.0,98.835,SOFT,11.0,1.0,,,1,True,11.0,9,0.5184999999999889,False,False,0
ALB,Williams,12.0,98.934,SOFT,12.0,1.0,,,1,True,9.0,10,1.039999999999992,False,False,0
ALB,Williams,13.0,98.823,SOFT,13.0,1.0,,,1,True,6.0,11,1.4599999999999937,False,False,0
ALB,Williams,14.0,98.977,SOFT,14.0,1.0,,,1,True,5.0,12,1.4230000000000018,False,False,0
ALB,Williams,17.0,97.392,HARD,2.0,2.0,,,1,True,14.0,1,0.0,False,False,2
ALB,Williams,18.0,97.59,HARD,3.0,2.0,,,1,True,14.0,2,0.0379999999999967,False,False,2
ALB,Williams,19.0,97.763,HARD,4.0,2.0,,,1,True,14.0,3,0.2880000000000109,False,False,2
ALB,Williams,20.0,97.701,HARD,5.0,2.0,,,1,True,14.0,4,0.0,False,False,2
ALB,Williams,21.0,97.918,HARD,6.0,2.0,,,1,True,14.0,5,0.5260000000000105,False,False,2
ALB,Williams,22.0,98.031,HARD,7.0,2.0,,,1,True,14.0,6,0.6060000000000088,False,False,2
ALB,Williams,23.0,97.869,HARD,8.0,2.0,,,1,True,14.0,7,0.42600000000000193,False,False,2
ALB,Williams,24.0,98.204,HARD,9.0,2.0,,,1,True,14.0,8,0.8639999999999901,False,False,2
ALB,Williams,25.0,98.226,HARD,10.0,2.0,,,1,True,14.0,9,0.7109999999999985,False,False,2
ALB,Williams,26.0,98.1,HARD,11.0,2.0,,,1,True,14.0,10,0.35149999999998727,False,False,2
ALB,Williams,27.0,98.296,HARD,12.0,2.0,,,1,True,14.0,11,1.095000000000013,False,False,2
ALB,Williams,28.0,98.048,HARD,13.0,2.0,,,1,True,13.0,12,0.7939999999999969,False,False,2
ALB,Williams,29.0,97.879,HARD,14.0,2.0,,,1,True,12.0,13,0.7939999999999969,False,False,2
ALB,Williams,30.0,97.968,HARD,15.0,2.0,,,1,True,12.0,14,0.8960000000000008,False,False,2
ALB,Williams,31.0,98.135,HARD,16.0,2.0,,,1,True,12.0,15,1.1690000000000111,False,False,2
ALB,Williams,32.0,98.183,HARD,17.0,2.0,,,1,True,11.0,16,1.2480000000000047,False,False,2
ALB,Williams,33.0,98.346,HARD,18.0,2.0,,,1,True,11.0,17,1.605000000000004,False,False,2
ALB,Williams,34.0,97.75,HARD,19.0,2.0,,,1,True,11.0,18,1.2319999999999993,False,False,2
ALB,Williams,35.0,97.767,HARD,20.0,2.0,,,1,True,10.0,19,1.4129999999999967,False,False,2
ALB,Williams,38.0,96.129,HARD,2.0,3.0,,,1,True,16.0,1,0.0,False,False,2
ALB,Williams,39.0,95.856,HARD,3.0,3.0,,,1,True,16.0,2,-0.010000000000005116,False,False,2
ALB,Williams,40.0,95.723,HARD,4.0,3.0,,,1,True,16.0,3,-0.347999999999999,False,False,2
ALB,Williams,41.0,95.885,HARD,5.0,3.0,,,1,True,16.0,4,0.24099999999999966,False,False,2
ALB,Williams,42.0,95.799,HARD,6.0,3.0,,,1,True,15.0,5,0.4595000000000198,False,False,2
ALB,Williams,43.0,95.766,HARD,7.0,3.0,,,1,True,15.0,6,0.47100000000000364,False,False,2
ALB,Williams,44.0,95.783,HARD,8.0,3.0,,,1,True,15.0,7,0.4369999999999976,False,False,2
ALB,Williams,45.0,95.758,HARD,9.0,3.0,,,1,True,15.0,8,0.43849999999999056,False,False,2
ALB,Williams,46.0,96.008,HARD,10.0,3.0,,,1,True,15.0,9,0.5690000000000026,False,False,2
ALB,Williams,47.0,96.026,HARD,11.0,3.0,,,1,True,15.0,10,0.380999999999986,False,False,2
ALB,Williams,48.0,96.135,HARD,12.0,3.0,,,1,True,15.0,11,0.2469999999999999,False,False,2
ALB,Williams,49.0,97.102,HARD,13.0,3.0,,,1,True,15.0,12,1.3079999999999927,False,False,2
ALB,Williams,50.0,97.616,HARD,14.0,3.0,,,1,True,15.0,13,1.793999999999997,False,False,2
ALB,Williams,51.0,97.493,HARD,15.0,3.0,,,1,True,15.0,14,1.5809999999999889,False,False,2
ALB,Williams,52.0,96.218,HARD,16.0,3.0,,,1,True,15.0,15,0.21250000000000568,False,False,2
ALB,Williams,53.0,96.308,HARD,17.0,3.0,,,1,True,15.0,16,0.32150000000000034,False,False,2
ALB,Williams,54.0,96.334,HARD,18.0,3.0,,,1,True,15.0,17,0.2740000000000009,False,False,2
ALB,Williams,55.0,96.593,HARD,19.0,3.0,,,1,True,15.0,18,0.4129999999999967,False,False,2
ALB,Williams,56.0,96.922,HARD,20.0,3.0,,,1,True,15.0,19,0.8220000000000027,False,False,2
HUL,Haas F1 Team,3.0,97.317,HARD,2.0,2.0,,,1,True,20.0,1,-1.034000000000006,False,False,2
HUL,Haas F1 Team,4.0,97.349,HARD,3.0,2.0,,,1,True,20.0,2,-0.9495000000000005,False,False,2
HUL,Haas F1 Team,5.0,97.663,HARD,4.0,2.0,,,1,True,20.0,3,-0.7664999999999935,False,False,2
HUL,Haas F1 Team,6.0,97.896,HARD,5.0,2.0,,,1,True,20.0,4,-0.3760000000000048,False,False,2
HUL,Haas F1 Team,7.0,97.682,HARD,6.0,2.0,,,1,True,20.0,5,-0.8269999999999982,False,False,2
HUL,Haas F1 Team,8.0,97.82,HARD,7.0,2.0,,,1,True,20.0,6,-0.5470000000000113,False,False,2
HUL,Haas F1 Team,11.0,97.638,HARD,10.0,2.0,,,1,True,19.0,7,-0.6784999999999997,False,False,2
HUL,Haas F1 Team,12.0,97.706,HARD,11.0,2.0,,,1,True,19.0,8,-0.1880000000000024,False,False,2
HUL,Haas F1 Team,13.0,97.801,HARD,12.0,2.0,,,1,True,17.0,9,0.4380000000000024,False,False,2
HUL,Haas F1 Team,14.0,97.879,HARD,13.0,2.0,,,1,True,17.0,10,0.32500000000000284,False,False,2
HUL,Haas F1 Team,15.0,98.11,HARD,14.0,2.0,,,1,True,17.0,11,0.8345000000000056,False,False,2
HUL,Haas F1 Team,16.0,97.796,HARD,15.0,2.0,,,1,True,17.0,12,0.45000000000000284,False,False,2
HUL,Haas F1 Team,17.0,97.891,HARD,16.0,2.0,,,1,True,17.0,13,0.49900000000000944,False,False,2
HUL,Haas F1 Team,18.0,98.216,HARD,17.0,2.0,,,1,True,17.0,14,0.6639999999999873,False,False,2
HUL,Haas F1 Team,19.0,97.862,HARD,18.0,2.0,,,1,True,17.0,15,0.38700000000000045,False,False,2
HUL,Haas F1 Team,22.0,96.858,HARD,2.0,3.0,,,1,True,19.0,1,-0.5669999999999931,False,False,2
HUL,Haas F1 Team,23.0,96.725,HARD,3.0,3.0,,,1,True,19.0,2,-0.7180000000000035,False,False,2
HUL,Haas F1 Team,24.0,96.626,HARD,4.0,3.0,,,1,True,19.0,3,-0.7139999999999986,False,False,2
HUL,Haas F1 Team,25.0,96.652,HARD,5.0,3.0,,,1,True,19.0,4,-0.8629999999999995,False,False,2
HUL,Haas F1 Team,26.0,96.548,HARD,6.0,3.0,,,1,True,19.0,5,-1.2005000000000052,False,False,2
HUL,Haas F1 Team,27.0,96.647,HARD,7.0,3.0,,,1,True,19.0,6,-0.5539999999999878,False,False,2
HUL,Haas F1 Team,28.0,97.254,HARD,8.0,3.0,,,1,True,19.0,7,0.0,False,False,2
HUL,Haas F1 Team,29.0,96.837,HARD,9.0,3.0,,,1,True,19.0,8,-0.24800000000000466,False,False,2
HUL,Haas F1 Team,30.0,96.691,HARD,10.0,3.0,,,1,True,19.0,9,-0.3810000000000002,False,False,2
HUL,Haas F1 Team,31.0,96.578,HARD,11.0,3.0,,,1,True,17.0,10,-0.387999999999991,False,False,2
HUL,Haas F1 Team,32.0,96.935,HARD,12.0,3.0,,,1,True,16.0,11,0.0,False,False,2
HUL,Haas F1 Team,33.0,96.784,HARD,13.0,3.0,,,1,True,15.0,12,0.043000000000006366,False,False,2
HUL,Haas F1 Team,34.0,96.692,HARD,14.0,3.0,,,1,True,15.0,13,0.17399999999999238,False,False,2
HUL,Haas F1 Team,35.0,96.959,HARD,15.0,3.0,,,1,True,14.0,14,0.605000000000004,False,False,2
HUL,Haas F1 Team,36.0,96.795,HARD,16.0,3.0,,,1,True,13.0,15,0.46750000000000114,False,False,2
HUL,Haas F1 Team,37.0,96.723,HARD,17.0,3.0,,,1,True,12.0,16,0.8900000000000006,False,False,2
HUL,Haas F1 Team,38.0,100.083,HARD,18.0,3.0,,,1,True,14.0,17,3.9539999999999935,False,False,2
HUL,Haas F1 Team,39.0,97.476,HARD,19.0,3.0,,,1,True,14.0,18,1.6099999999999994,False,False,2
HUL,Haas F1 Team,40.0,97.088,HARD,20.0,3.0,,,1,True,14.0,19,1.016999999999996,False,False,2
HUL,Haas F1 Team,43.0,95.76,SOFT,3.0,4.0,,,1,True,18.0,1,0.4650000000000034,False,False,0
HUL,Haas F1 Team,44.0,95.59,SOFT,4.0,4.0,,,1,True,17.0,2,0.24399999999999977,False,False,0
HUL,Haas F1 Team,45.0,95.119,SOFT,5.0,4.0,,,1,True,17.0,3,-0.20050000000000523,False,False,0
HUL,Haas F1 Team,46.0,94.834,SOFT,6.0,4.0,,,1,True,17.0,4,-0.6049999999999898,False,False,0
HUL,Haas F1 Team,47.0,95.226,SOFT,7.0,4.0,,,1,True,17.0,5,-0.41900000000001114,False,False,0
HUL,Haas F1 Team,48.0,95.146,SOFT,8.0,4.0,,,1,True,17.0,6,-0.7420000000000044,False,False,0
HUL,Haas F1 Team,49.0,95.494,SOFT,9.0,4.0,,,1,True,17.0,7,-0.30000000000001137,False,False,0
HUL,Haas F1 Team,50.0,95.167,SOFT,10.0,4.0,,,1,True,16.0,8,-0.6550000000000011,False,False,0
HUL,Haas F1 Team,51.0,95.529,SOFT,11.0,4.0,,,1,True,16.0,9,-0.3830000000000098,False,False,0
HUL,Haas F1 Team,52.0,95.921,SOFT,12.0,4.0,,,1,True,16.0,10,-0.08449999999999136,False,False,0
HUL,Haas F1 Team,53.0,95.994,SOFT,13.0,4.0,,,1,True,16.0,11,0.007499999999993179,False,False,0
HUL,Haas F1 Team,54.0,95.786,SOFT,14.0,4.0,,,1,True,16.0,12,-0.2740000000000009,False,False,0
HUL,Haas F1 Team,55.0,95.736,SOFT,15.0,4.0,,,1,True,16.0,13,-0.4440000000000026,False,False,0
HUL,Haas F1 Team,56.0,95.602,SOFT,16.0,4.0,,,1,True,16.0,14,-0.49799999999999045,False,False,0
OCO,Alpine,2.0,99.094,SOFT,2.0,1.0,,,1,True,16.0,1,0.820999999999998,False,False,0
OCO,Alpine,3.0,98.771,SOFT,3.0,1.0,,,1,True,16.0,2,0.4200000000000017,False,False,0
OCO,Alpine,4.0,98.625,SOFT,4.0,1.0,,,1,True,16.0,3,0.3264999999999958,False,False,0
OCO,Alpine,5.0,98.64,SOFT,5.0,1.0,,,1,True,16.0,4,0.21050000000001035,False,False,0
OCO,Alpine,6.0,98.874,SOFT,6.0,1.0,,,1,True,16.0,5,0.6019999999999897,False,False,0
OCO,Alpine,7.0,99.152,SOFT,7.0,1.0,,,1,True,16.0,6,0.6430000000000007,False,False,0
OCO,Alpine,8.0,99.422,SOFT,8.0,1.0,,,1,True,16.0,7,1.0549999999999926,False,False,0
OCO,Alpine,9.0,99.312,SOFT,9.0,1.0,,,1,True,15.0,8,0.6670000000000016,False,False,0
OCO,Alpine,12.0,97.599,HARD,2.0,2.0,,,1,True,18.0,1,-0.2950000000000017,False,False,2
OCO,Alpine,13.0,97.363,HARD,3.0,2.0,,,1,True,16.0,2,0.0,False,False,2
OCO,Alpine,14.0,97.537,HARD,4.0,2.0,,,1,True,15.0,3,-0.016999999999995907,False,False,2
OCO,Alpine,15.0,97.843,HARD,5.0,2.0,,,1,True,15.0,4,0.5675000000000097,False,False,2
OCO,Alpine,16.0,97.902,HARD,6.0,2.0,,,1,True,14.0,5,0.5559999999999974,False,False,2
OCO,Alpine,17.0,98.911,HARD,7.0,2.0,,,1,True,15.0,6,1.5190000000000055,False,False,2
OCO,Alpine,18.0,98.12,HARD,8.0,2.0,,,1,True,15.0,7,0.5679999999999978,False,False,2
OCO,Alpine,19.0,98.332,HARD,9.0,2.0,,,1,True,15.0,8,0.8569999999999993,False,False,2
OCO,Alpine,20.0,98.185,HARD,10.0,2.0,,,1,True,15.0,9,0.48400000000000887,False,False,2
OCO,Alpine,21.0,99.363,HARD,11.0,2.0,,,1,True,16.0,10,1.9710000000000036,False,False,2
OCO,Alpine,22.0,98.655,HARD,12.0,2.0,,,1,True,16.0,11,1.230000000000004,False,False,2
OCO,Alpine,23.0,98.407,HARD,13.0,2.0,,,1,True,16.0,12,0.9639999999999986,False,False,2
OCO,Alpine,24.0,98.42,HARD,14.0,2.0,,,1,True,16.0,13,1.0799999999999983,False,False,2
OCO,Alpine,25.0,98.494,HARD,15.0,2.0,,,1,True,16.0,14,0.9789999999999992,False,False,2
OCO,Alpine,26.0,98.665,HARD,16.0,2.0,,,1,True,16.0,15,0.9164999999999992,False,False,2
OCO,Alpine,27.0,98.549,HARD,17.0,2.0,,,1,True,16.0,16,1.3480000000000132,False,False,2
OCO,Alpine,28.0,98.372,HARD,18.0,2.0,,,1,True,15.0,17,1.117999999999995,False,False,2
OCO,Alpine,29.0,98.556,HARD,19.0,2.0,,,1,True,14.0,18,1.4709999999999894,False,False,2
OCO,Alpine,32.0,96.887,HARD,2.0,3.0,,,1,True,17.0,1,-0.04800000000000182,False,False,2
OCO,Alpine,33.0,96.704,HARD,3.0,3.0,,,1,True,17.0,2,-0.03700000000000614,False,False,2
OCO,Alpine,34.0,96.226,HARD,4.0,3.0,,,1,True,17.0,3,-0.2920000000000016,False,False,2
OCO,Alpine,35.0,96.354,HARD,5.0,3.0,,,1,True,17.0,4,0.0,False,False,2
OCO,Alpine,36.0,97.229,HARD,6.0,3.0,,,1,True,17.0,5,0.9014999999999986,False,False,2
OCO,Alpine,37.0,96.58,HARD,7.0,3.0,,,1,True,17.0,6,0.7469999999999999,False,False,2
OCO,Alpine,38.0,96.814,HARD,8.0,3.0,,,1,True,17.0,7,0.6849999999999881,False,False,2
OCO,Alpine,39.0,96.552,HARD,9.0,3.0,,,1,True,17.0,8,0.686000000000007,False,False,2
OCO,Alpine,40.0,96.608,HARD,10.0,3.0,,,1,True,17.0,9,0.5370000000000061,False,False,2
OCO,Alpine,41.0,96.621,HARD,11.0,3.0,,,1,True,17.0,10,0.9769999999999897,False,False,2
OCO,Alpine,42.0,96.592,HARD,12.0,3.0,,,1,True,16.0,11,1.252500000000012,False,False,2
OCO,Alpine,43.0,96.679,HARD,13.0,3.0,,,1,True,16.0,12,1.3840000000000003,False,False,2
OCO,Alpine,44.0,96.649,HARD,14.0,3.0,,,1,True,16.0,13,1.3029999999999973,False,False,2
OCO,Alpine,45.0,98.049,HARD,15.0,3.0,,,1,True,16.0,14,2.7295000000000016,False,False,2
OCO,Alpine,46.0,96.975,HARD,16.0,3.0,,,1,True,16.0,15,1.5360000000000014,False,False,2
OCO,Alpine,47.0,96.656,HARD,17.0,3.0,,,1,True,16.0,16,1.0109999999999957,False,False,2
OCO,Alpine,48.0,97.117,HARD,18.0,3.0,,,1,True,16.0,17,1.2289999999999992,False,False,2
OCO,Alpine,49.0,97.726,HARD,19.0,3.0,,,1,True,16.0,18,1.931999999999988,False,False,2
OCO,Alpine,50.0,97.784,HARD,20.0,3.0,,,1,True,17.0,19,1.9620000000000033,False,False,2
OCO,Alpine,51.0,97.091,HARD,21.0,3.0,,,1,True,17.0,20,1.1789999999999878,False,False,2
OCO,Alpine,52.0,98.631,HARD,22.0,3.0,,,1,True,17.0,21,2.6255000000000024,False,False,2
OCO,Alpine,53.0,97.145,HARD,23.0,3.0,,,1,True,17.0,22,1.1584999999999894,False,False,2
OCO,Alpine,54.0,98.707,HARD,24.0,3.0,,,1,True,17.0,23,2.6469999999999914,False,False,2
OCO,Alpine,55.0,97.393,HARD,25.0,3.0,,,1,True,17.0,24,1.2129999999999939,False,False,2
OCO,Alpine,56.0,97.415,HARD,26.0,3.0,,,1,True,17.0,25,1.315000000000012,False,False,2
GAS,Alpine,2.0,99.059,SOFT,2.0,1.0,,,1,True,17.0,1,0.7860000000000014,False,False,0
GAS,Alpine,3.0,98.744,SOFT,3.0,1.0,,,1,True,17.0,2,0.3930000000000007,False,False,0
GAS,Alpine,4.0,98.503,SOFT,4.0,1.0,,,1,True,17.0,3,0.2044999999999959,False,False,0
GAS,Alpine,5.0,98.664,SOFT,5.0,1.0,,,1,True,17.0,4,0.23450000000001125,False,False,0
GAS,Alpine,6.0,99.099,SOFT,6.0,1.0,,,1,True,17.0,5,0.8269999999999982,False,False,0
GAS,Alpine,7.0,99.078,SOFT,7.0,1.0,,,1,True,17.0,6,0.5690000000000026,False,False,0
GAS,Alpine,8.0,99.287,SOFT,8.0,1.0,,,1,True,17.0,7,0.9200000000000017,False,False,0
GAS,Alpine,9.0,99.452,SOFT,9.0,1.0,,,1,True,17.0,8,0.8070000000000022,False,False,0
GAS,Alpine,11.0,98.656,SOFT,11.0,1.0,,,1,True,14.0,9,0.339500000000001,False,False,0
GAS,Alpine,14.0,97.689,HARD,2.0,2.0,,,1,True,19.0,1,0.1349999999999909,False,False,2
GAS,Alpine,15.0,97.492,HARD,3.0,2.0,,,1,True,19.0,2,0.21650000000001057,False,False,2
GAS,Alpine,16.0,97.521,HARD,4.0,2.0,,,1,True,19.0,3,0.17499999999999716,False,False,2
GAS,Alpine,17.0,97.949,HARD,5.0,2.0,,,1,True,19.0,4,0.5570000000000022,False,False,2
GAS,Alpine,18.0,97.791,HARD,6.0,2.0,,,1,True,19.0,5,0.2389999999999901,False,False,2
GAS,Alpine,19.0,97.702,HARD,7.0,2.0,,,1,True,19.0,6,0.22700000000000387,False,False,2
GAS,Alpine,20.0,98.036,HARD,8.0,2.0,,,1,True,18.0,7,0.33500000000000796,False,False,2
GAS,Alpine,21.0,98.094,HARD,9.0,2.0,,,1,True,18.0,8,0.7019999999999982,False,False,2
GAS,Alpine,22.0,97.868,HARD,10.0,2.0,,,1,True,18.0,9,0.44299999999999784,False,False,2
GAS,Alpine,23.0,98.104,HARD,11.0,2.0,,,1,True,18.0,10,0.6610000000000014,False,False,2
GAS,Alpine,24.0,98.192,HARD,12.0,2.0,,,1,True,18.0,11,0.8519999999999897,False,False,2
GAS,Alpine,25.0,98.16,HARD,13.0,2.0,,,1,True,18.0,12,0.644999999999996,False,False,2
GAS,Alpine,26.0,98.379,HARD,14.0,2.0,,,1,True,18.0,13,0.6304999999999978,False,False,2
GAS,Alpine,27.0,98.4,HARD,15.0,2.0,,,1,True,18.0,14,1.1990000000000123,False,False,2
GAS,Alpine,28.0,98.615,HARD,16.0,2.0,,,1,True,17.0,15,1.36099999999999,False,False,2
GAS,Alpine,29.0,98.55,HARD,17.0,2.0,,,1,True,16.0,16,1.4649999999999892,False,False,2
GAS,Alpine,30.0,98.832,HARD,18.0,2.0,,,1,True,15.0,17,1.759999999999991,False,False,2
GAS,Alpine,33.0,96.112,HARD,2.0,3.0,,,1,True,18.0,1,-0.6290000000000049,False,False,2
GAS,Alpine,34.0,96.622,HARD,3.0,3.0,,,1,True,18.0,2,0.1039999999999992,False,False,2
GAS,Alpine,35.0,96.313,HARD,4.0,3.0,,,1,True,18.0,3,-0.04099999999999682,False,False,2
GAS,Alpine,36.0,96.45,HARD,5.0,3.0,,,1,True,18.0,4,0.12250000000000227,False,False,2
GAS,Alpine,37.0,96.629,HARD,6.0,3.0,,,1,True,18.0,5,0.7960000000000065,False,False,2
GAS,Alpine,38.0,96.802,HARD,7.0,3.0,,,1,True,18.0,6,0.6730000000000018,False,False,2
GAS,Alpine,39.0,96.537,HARD,8.0,3.0,,,1,True,18.0,7,0.6710000000000065,False,False,2
GAS,Alpine,40.0,96.742,HARD,9.0,3.0,,,1,True,18.0,8,0.6710000000000065,False,False,2
GAS,Alpine,41.0,96.571,HARD,10.0,3.0,,,1,True,18.0,9,0.9269999999999925,False,False,2
GAS,Alpine,42.0,96.631,HARD,11.0,3.0,,,1,True,17.0,10,1.2915000000000134,False,False,2
GAS,Alpine,45.0,94.805,SOFT,2.0,4.0,,,1,True,18.0,1,-0.5144999999999982,False,False,0
GAS,Alpine,46.0,95.293,SOFT,3.0,4.0,,,1,True,18.0,2,-0.14599999999998658,False,False,0
GAS,Alpine,47.0,95.341,SOFT,4.0,4.0,,,1,True,18.0,3,-0.30400000000001626,False,False,0
GAS,Alpine,48.0,95.411,SOFT,5.0,4.0,,,1,True,18.0,4,-0.47700000000000387,False,False,0
GAS,Alpine,49.0,95.511,SOFT,6.0,4.0,,,1,True,18.0,5,-0.28300000000001546,False,False,0
GAS,Alpine,50.0,95.228,SOFT,7.0,4.0,,,1,True,18.0,6,-0.5940000000000083,False,False,0
GAS,Alpine,51.0,95.334,SOFT,8.0,4.0,,,1,True,18.0,7,-0.578000000000003,False,False,0
GAS,Alpine,52.0,95.511,SOFT,9.0,4.0,,,1,True,18.0,8,-0.49450000000000216,False,False,0
GAS,Alpine,53.0,95.389,SOFT,10.0,4.0,,,1,True,18.0,9,-0.5975000000000108,False,False,0
GAS,Alpine,54.0,95.853,SOFT,11.0,4.0,,,1,True,18.0,10,-0.20700000000000784,False,False,0
GAS,Alpine,55.0,95.908,SOFT,12.0,4.0,,,1,True,18.0,11,-0.27200000000000557,False,False,0
GAS,Alpine,56.0,96.086,SOFT,13.0,4.0,,,1,True,18.0,12,-0.013999999999995794,False,False,0
BOT,Kick Sauber,2.0,98.259,SOFT,2.0,1.0,,,1,True,18.0,1,-0.013999999999995794,False,False,0
BOT,Kick Sauber,3.0,98.837,SOFT,3.0,1.0,,,1,True,18.0,2,0.4860000000000042,False,False,0
BOT,Kick Sauber,4.0,98.643,SOFT,4.0,1.0,,,1,True,18.0,3,0.3444999999999965,False,False,0
BOT,Kick Sauber,5.0,100.087,SOFT,5.0,1.0,,,1,True,19.0,4,1.657500000000013,False,False,0
BOT,Kick Sauber,6.0,99.206,SOFT,6.0,1.0,,,1,True,19.0,5,0.9339999999999975,False,False,0
BOT,Kick Sauber,7.0,98.654,SOFT,7.0,1.0,,,1,True,19.0,6,0.14499999999999602,False,False,0
BOT,Kick Sauber,8.0,98.968,SOFT,8.0,1.0,,,1,True,19.0,7,0.6009999999999991,False,False,0
BOT,Kick Sauber,9.0,99.425,SOFT,9.0,1.0,,,1,True,18.0,8,0.7800000000000011,False,False,0
BOT,Kick Sauber,11.0,99.187,SOFT,11.0,1.0,,,1,True,15.0,9,0.8704999999999927,False,False,0
BOT,Kick Sauber,14.0,96.454,HARD,2.0,2.0,,,1,True,18.0,1,-1.1000000000000085,False,False,2
BOT,Kick Sauber,15.0,97.287,HARD,3.0,2.0,,,1,True,18.0,2,0.011500000000012278,False,False,2
BOT,Kick Sauber,16.0,97.718,HARD,4.0,2.0,,,1,True,18.0,3,0.3719999999999999,False,False,2
BOT,Kick Sauber,17.0,97.765,HARD,5.0,2.0,,,1,True,18.0,4,0.37300000000000466,False,False,2
BOT,Kick Sauber,18.0,97.918,HARD,6.0,2.0,,,1,True,18.0,5,0.36599999999999966,False,False,2
BOT,Kick Sauber,19.0,97.662,HARD,7.0,2.0,,,1,True,18.0,6,0.18700000000001182,False,False,2
BOT,Kick Sauber,20.0,98.285,HARD,8.0,2.0,,,1,True,17.0,7,0.5840000000000032,False,False,2
BOT,Kick Sauber,21.0,97.73,HARD,9.0,2.0,,,1,True,17.0,8,0.33800000000000807,False,False,2
BOT,Kick Sauber,22.0,97.998,HARD,10.0,2.0,,,1,True,17.0,9,0.5730000000000075,False,False,2
BOT,Kick Sauber,23.0,98.18,HARD,11.0,2.0,,,1,True,17.0,10,0.737000000000009,False,False,2
BOT,Kick Sauber,24.0,98.146,HARD,12.0,2.0,,,1,True,17.0,11,0.8059999999999974,False,False,2
BOT,Kick Sauber,25.0,98.262,HARD,13.0,2.0,,,1,True,17.0,12,0.7469999999999999,False,False,2
BOT,Kick Sauber,26.0,98.308,HARD,14.0,2.0,,,1,True,17.0,13,0.5594999999999999,False,False,2
BOT,Kick Sauber,27.0,98.426,HARD,15.0,2.0,,,1,True,17.0,14,1.2250000000000085,False,False,2
BOT,Kick Sauber,28.0,98.595,HARD,16.0,2.0,,,1,True,16.0,15,1.340999999999994,False,False,2
BOT,Kick Sauber,29.0,98.654,HARD,17.0,2.0,,,1,True,15.0,16,1.5689999999999884,False,False,2
BOT,Kick Sauber,32.0,96.763,HARD,2.0,3.0,,,1,True,19.0,1,-0.17199999999999704,False,False,2
BOT,Kick Sauber,33.0,96.202,HARD,3.0,3.0,,,1,True,19.0,2,-0.5390000000000015,False,False,2
BOT,Kick Sauber,34.0,98.009,HARD,4.0,3.0,,,1,True,19.0,3,1.4909999999999997,False,False,2
BOT,Kick Sauber,35.0,96.578,HARD,5.0,3.0,,,1,True,19.0,4,0.22400000000000375,False,False,2
BOT,Kick Sauber,36.0,96.792,HARD,6.0,3.0,,,1,True,19.0,5,0.464500000000001,False,False,2
BOT,Kick Sauber,37.0,98.008,HARD,7.0,3.0,,,1,True,19.0,6,2.174999999999997,False,False,2
BOT,Kick Sauber,38.0,97.774,HARD,8.0,3.0,,,1,True,19.0,7,1.644999999999996,False,False,2
BOT,Kick Sauber,39.0,97.189,HARD,9.0,3.0,,,1,True,19.0,8,1.3229999999999933,False,False,2
BOT,Kick Sauber,40.0,97.393,HARD,10.0,3.0,,,1,True,19.0,9,1.3220000000000027,False,False,2
BOT,Kick Sauber,41.0,96.437,HARD,11.0,3.0,,,1,True,19.0,10,0.7929999999999922,False,False,2
BOT,Kick Sauber,42.0,96.374,HARD,12.0,3.0,,,1,True,19.0,11,1.0345000000000084,False,False,2
BOT,Kick Sauber,43.0,96.569,HARD,13.0,3.0,,,1,True,19.0,12,1.274000000000001,False,False,2
BOT,Kick Sauber,44.0,96.63,HARD,14.0,3.0,,,1,True,19.0,13,1.2839999999999918,False,False,2
BOT,Kick Sauber,45.0,96.663,HARD,15.0,3.0,,,1,True,19.0,14,1.3434999999999917,False,False,2
BOT,Kick Sauber,46.0,96.297,HARD,16.0,3.0,,,1,True,19.0,15,0.8580000000000041,False,False,2
BOT,Kick Sauber,47.0,96.604,HARD,17.0,3.0,,,1,True,19.0,16,0.958999999999989,False,False,2
BOT,Kick Sauber,48.0,96.765,HARD,18.0,3.0,,,1,True,19.0,17,0.8769999999999953,False,False,2
BOT,Kick Sauber,49.0,96.91,HARD,19.0,3.0,,,1,True,19.0,18,1.1159999999999854,False,False,2
BOT,Kick Sauber,50.0,96.91,HARD,20.0,3.0,,,1,True,19.0,19,1.0879999999999939,False,False,2
BOT,Kick Sauber,51.0,96.819,HARD,21.0,3.0,,,1,True,19.0,20,0.9069999999999965,False,False,2
BOT,Kick Sauber,52.0,96.949,HARD,22.0,3.0,,,1,True,19.0,21,0.9435000000000002,False,False,2
BOT,Kick Sauber,53.0,99.035,HARD,23.0,3.0,,,1,True,19.0,22,3.04849999999999,False,False,2
BOT,Kick Sauber,54.0,97.095,HARD,24.0,3.0,,,1,True,19.0,23,1.0349999999999966,False,False,2
BOT,Kick Sauber,55.0,97.205,HARD,25.0,3.0,,,1,True,19.0,24,1.0249999999999915,False,False,2
BOT,Kick Sauber,56.0,97.956,HARD,26.0,3.0,,,1,True,19.0,25,1.8560000000000088,False,False,2
SAR,Williams,2.0,98.481,SOFT,2.0,1.0,,,1,True,14.0,1,0.2079999999999984,False,False,0
SAR,Williams,3.0,98.707,SOFT,3.0,1.0,,,1,True,14.0,2,0.35599999999999454,False,False,0
SAR,Williams,4.0,98.39,SOFT,4.0,1.0,,,1,True,14.0,3,0.09149999999999636,False,False,0
SAR,Williams,5.0,98.757,SOFT,5.0,1.0,,,1,True,14.0,4,0.3275000000000148,False,False,0
SAR,Williams,6.0,98.582,SOFT,6.0,1.0,,,1,True,14.0,5,0.30999999999998806,False,False,0
SAR,Williams,7.0,99.464,SOFT,7.0,1.0,,,1,True,14.0,6,0.9549999999999983,False,False,0
SAR,Williams,8.0,99.58,SOFT,8.0,1.0,,,1,True,14.0,7,1.2129999999999939,False,False,0
SAR,Williams,9.0,99.366,SOFT,9.0,1.0,,,1,True,13.0,8,0.7210000000000036,False,False,0
SAR,Williams,12.0,98.493,HARD,2.0,2.0,,,1,True,20.0,1,0.5989999999999895,False,False,2
SAR,Williams,13.0,100.989,HARD,3.0,2.0,,,1,True,20.0,2,3.6260000000000048,False,False,2
SAR,Williams,14.0,101.47,HARD,4.0,2.0,,,1,True,20.0,3,3.915999999999997,False,False,2
SAR,Williams,15.0,97.594,HARD,5.0,2.0,,,1,True,20.0,4,0.3185000000000002,False,False,2
SAR,Williams,16.0,101.37,HARD,6.0,2.0,,,1,True,20.0,5,4.024000000000001,False,False,2
SAR,Williams,17.0,99.758,HARD,7.0,2.0,,,1,True,20.0,6,2.3659999999999997,False,False,2
SAR,Williams,18.0,98.077,HARD,8.0,2.0,,,1,True,20.0,7,0.5249999999999915,False,False,2
SAR,Williams,19.0,97.742,HARD,9.0,2.0,,,1,True,20.0,8,0.2670000000000101,False,False,2
SAR,Williams,20.0,97.82,HARD,10.0,2.0,,,1,True,20.0,9,0.11899999999999977,False,False,2
SAR,Williams,21.0,98.009,HARD,11.0,2.0,,,1,True,20.0,10,0.6170000000000044,False,False,2
SAR,Williams,22.0,97.728,HARD,12.0,2.0,,,1,True,20.0,11,0.30299999999999727,False,False,2
SAR,Williams,23.0,97.621,HARD,13.0,2.0,,,1,True,20.0,12,0.17799999999999727,False,False,2
SAR,Williams,24.0,99.437,HARD,14.0,2.0,,,1,True,20.0,13,2.096999999999994,False,False,2
SAR,Williams,25.0,99.093,HARD,15.0,2.0,,,1,True,20.0,14,1.578000000000003,False,False,2
SAR,Williams,26.0,97.859,HARD,16.0,2.0,,,1,True,20.0,15,0.11049999999998761,False,False,2
SAR,Williams,27.0,98.288,HARD,17.0,2.0,,,1,True,20.0,16,1.0870000000000033,False,False,2
SAR,Williams,30.0,95.715,HARD,2.0,3.0,,,1,True,20.0,1,-1.3569999999999993,False,False,2
SAR,Williams,31.0,96.713,HARD,3.0,3.0,,,1,True,20.0,2,-0.2530000000000001,False,False,2
SAR,Williams,32.0,96.563,HARD,4.0,3.0,,,1,True,20.0,3,-0.3719999999999999,False,False,2
SAR,Williams,33.0,97.433,HARD,5.0,3.0,,,1,True,20.0,4,0.6920000000000073,False,False,2
SAR,Williams,34.0,96.475,HARD,6.0,3.0,,,1,True,20.0,5,-0.043000000000006366,False,False,2
SAR,Williams,35.0,96.859,HARD,7.0,3.0,,,1,True,20.0,6,0.5049999999999955,False,False,2
SAR,Williams,36.0,96.462,HARD,8.0,3.0,,,1,True,20.0,7,0.13450000000000273,False,False,2
SAR,Williams,37.0,96.785,HARD,9.0,3.0,,,1,True,20.0,8,0.9519999999999982,False,False,2
SAR,Williams,38.0,96.732,HARD,10.0,3.0,,,1,True,20.0,9,0.6029999999999944,False,False,2
SAR,Williams,39.0,97.016,HARD,11.0,3.0,,,1,True,20.0,10,1.1500000000000057,False,False,2
SAR,Williams,42.0,94.735,SOFT,2.0,4.0,,,1,True,20.0,1,-0.6044999999999874,False,False,0
SAR,Williams,43.0,95.001,SOFT,3.0,4.0,,,1,True,20.0,2,-0.29399999999999693,False,False,0
SAR,Williams,44.0,95.13,SOFT,4.0,4.0,,,1,True,20.0,3,-0.21600000000000819,False,False,0
SAR,Williams,45.0,95.333,SOFT,5.0,4.0,,,1,True,20.0,4,0.013499999999993406,False,False,0
SAR,Williams,46.0,95.939,SOFT,6.0,4.0,,,1,True,20.0,5,0.5,False,False,0
SAR,Williams,47.0,96.729,SOFT,7.0,4.0,,,1,True,20.0,6,1.083999999999989,False,False,0
SAR,Williams,48.0,95.688,SOFT,8.0,4.0,,,1,True,20.0,7,-0.20000000000000284,False,False,0
SAR,Williams,49.0,95.59,SOFT,9.0,4.0,,,1,True,20.0,8,-0.20400000000000773,False,False,0
SAR,Williams,50.0,95.66,SOFT,10.0,4.0,,,1,True,20.0,9,-0.16200000000000614,False,False,0
SAR,Williams,51.0,95.972,SOFT,11.0,4.0,,,1,True,20.0,10,0.05999999999998806,False,False,0
SAR,Williams,52.0,95.987,SOFT,12.0,4.0,,,1,True,20.0,11,-0.01850000000000307,False,False,0
SAR,Williams,53.0,96.088,SOFT,13.0,4.0,,,1,True,20.0,12,0.10149999999998727,False,False,0
SAR,Williams,54.0,99.614,SOFT,14.0,4.0,,,1,True,20.0,13,3.554000000000002,False,False,0
SAR,Williams,55.0,96.209,SOFT,15.0,4.0,,,1,True,20.0,14,0.028999999999996362,False,False,0
